[LOG] FMOD_System_Create                       : Header version = 2.03.10. Current version = 2.03.10.
[LOG] system_create                            : Header version = 2.03.10. Current version = 2.03.10.
[LOG] SystemI::setOutputInternal               : Setting output to 'FMOD WASAPI Output'
[LOG] Manager::init                            : maxchannels = 256 studioflags = 00000006 flags 00000000 extradriverdata 0000000000000000.
[LOG] SystemI::init                            : Initialize version=20310 (157581), maxchannels=256, flags=0x00020000
[LOG] OutputWASAPI::init                       : Mix Format (WAVEFORMATEX): wFormatTag=0xFFFE, nChannels=2, nSamplesPerSec=48000, nAvgBytesPerSec=384000, nBlockAlign=8, wBitsPerSample=32, cbSize=22.
[LOG] OutputWASAPI::init                       : Mix Format (WAVEFORMATEXTENSIBLE): wValidBitsPerSample=32, dwChannelMask=0x00000003, SubFormat=00000003-0000-0010-8000-00AA00389B71.
[LOG] OutputWASAPI::init                       : Output buffer size: 2048 samples, latency: 0.00ms, period: 10.00ms, DSP buffer: 512 * 4
[LOG] Thread::initThread                       : Init FMOD stream thread. Affinity: 0x4000000000000003, Priority: 0xFFFF7FFB, Stack Size: 98304, Semaphore: No, Sleep Time: 10, Looping: Yes.
[LOG] SystemI::DSPCodecPoolRegister            : register codec pool for pool type 0
[LOG] Thread::initThread                       : Init FMOD mixer thread. Affinity: 0x4000000000000001, Priority: 0xFFFF7FFA, Stack Size: 81920, Semaphore: No, Sleep Time: 0, Looping: Yes.
[LOG] AsyncManager::init                       : manager 000001B93C7EF7A8 isAsync 0 updatePeriod 0.02
[LOG] AsyncManager::init                       : done
[LOG] PlaybackSystem::init                     : 
[LOG] Thread::initThread                       : Init FMOD Studio sample load thread. Affinity: 0x4000000000000003, Priority: 0xFFFF7FFD, Stack Size: 98304, Semaphore: No, Sleep Time: 1, Looping: No.
[LOG] PlaybackSystem::init                     : done
[LOG] Thread::initThread                       : Init FMOD Studio bank load thread. Affinity: 0x4000000000000003, Priority: 0xFFFF7FFD, Stack Size: 98304, Semaphore: No, Sleep Time: 1, Looping: No.
[LOG] Manager::init                            : done.
[LOG] BankLoader::serializeBank                : fileversion = 146, compatVersion = 146 (oldest = 44, newest = 146)
[LOG] BankLoader::serializeBank                : fileversion = 146, compatVersion = 146 (oldest = 44, newest = 146)
[LOG] BankLoader::serializeBank                : fileversion = 146, compatVersion = 146 (oldest = 44, newest = 146)
[LOG] PlaybackSystem::acquireMasterBus         : Setting master channel group format to 6
[LOG] BankLoader::serializeBank                : fileversion = 146, compatVersion = 146 (oldest = 44, newest = 146)
[LOG] SystemI::createSound                     : filename = ../../../SON/FMOD Proyecto Final/ProyectoFinal/Build/Desktop/Music.bank : mode 02010082
[LOG] SystemI::createSound                     : FMOD_NONBLOCKING specified.  Putting into queue to be opened asynchronously!
[LOG] AsyncThread::getAsyncThread              : index = 0 / 5
[LOG] Thread::initThread                       : Init FMOD nonblocking thread (0). Affinity: 0x4000000000000003, Priority: 0xFFFF7FFC, Stack Size: 114688, Semaphore: Yes, Sleep Time: 0, Looping: Yes.
[LOG] AsyncThread::add                         : add sound to async queue : soundi = 000001B939D75128, queue head = 000001B939D72E88, queue count = 0
[LOG] AsyncThread::threadFunc                  : Starting Asynchronous operation on sound 000001B939D75128
[LOG] SystemI::createSoundInternal             :     Create name='../../../SON/FMOD Proyecto Final/ProyectoFinal/Build/Desktop/Music.bank', mode=0x02010082
[LOG] SystemI::createSoundInternal             :     exinfo->cbsize             = 224
[LOG] SystemI::createSoundInternal             :     exinfo->length             = 7092736
[LOG] SystemI::createSoundInternal             :     exinfo->fileoffset         = 8320
[LOG] SystemI::createSoundInternal             :     exinfo->numsubsounds       = 1
[LOG] SystemI::createSoundInternal             :     exinfo->inclusionlist      = 000001B93D527758
[LOG] SystemI::createSoundInternal             :     exinfo->inclusionlistnum   = 1
[LOG] SystemI::createSoundInternal             :     exinfo->suggestedsoundtype = 5
[LOG] SystemI::createSoundInternal             :     exinfo->initialseekpostype = 1
[LOG] SystemI::createSoundInternal             :     Create name='', mode=0x02000202
[LOG] SystemI::createSoundInternal             :     exinfo->cbsize             = 224
[LOG] SystemI::createSoundInternal             :     exinfo->length             = 471520
[LOG] SystemI::createSoundInternal             :     exinfo->fileoffset         = 4992
[LOG] SystemI::createSoundInternal             :     exinfo->numsubsounds       = 1
[LOG] SystemI::createSoundInternal             :     exinfo->inclusionlist      = 0000007BF064F188
[LOG] SystemI::createSoundInternal             :     exinfo->inclusionlistnum   = 1
[LOG] SystemI::createSoundInternal             :     exinfo->suggestedsoundtype = 5
[LOG] SystemI::createSoundInternal             :     exinfo->useropen           = 00007FFBA013D530
[LOG] SystemI::createSoundInternal             :     exinfo->userclose          = 00007FFBA013D4F0
[LOG] SystemI::createSoundInternal             :     exinfo->userread           = 00007FFBA013D610
[LOG] SystemI::createSoundInternal             :     exinfo->userseek           = 00007FFBA013D6D0
[LOG] SystemI::createSoundInternal             :     exinfo->fileuserdata       = 000001B84B500758
[LOG] SystemI::createSoundInternal             :     exinfo->initialseekpostype = 1
[LOG] SystemI::createSoundInternal             :     Stream 0/1: name='1', format=5, channels=2, frequency=48000, lengthbytes=682848, lengthpcm=2835693, pcmblocksize=0, loopstart=0, loopend=0, mode=0x00000000, channelmask=0x00000000, channelorder=0, peakvolume=0.674014.
[LOG] SystemI::DSPCodecPoolRegister            :     register codec pool for pool type 4
[LOG] SystemI::createSoundInternal             :     Sample 0/1: name='ShortElectricShock', format=5, channels=2, frequency=48000, lengthbytes=14496, lengthpcm=49536, pcmblocksize=0, loopstart=0, loopend=0, mode=0x00000000, channelmask=0x00000000, channelorder=0, peakvolume=0.387665.
[LOG] SystemI::createSoundInternal             :     Create name='', mode=0x02000202
[LOG] SystemI::createSoundInternal             :     exinfo->cbsize             = 224
[LOG] SystemI::createSoundInternal             :     exinfo->length             = 471520
[LOG] SystemI::createSoundInternal             :     exinfo->fileoffset         = 4992
[LOG] SystemI::createSoundInternal             :     exinfo->numsubsounds       = 1
[LOG] SystemI::createSoundInternal             :     exinfo->inclusionlist      = 0000007BF064F188
[LOG] SystemI::createSoundInternal             :     exinfo->inclusionlistnum   = 1
[LOG] SystemI::createSoundInternal             :     exinfo->suggestedsoundtype = 5
[LOG] SystemI::createSoundInternal             :     exinfo->useropen           = 00007FFBA013D530
[LOG] SystemI::createSoundInternal             :     exinfo->userclose          = 00007FFBA013D4F0
[LOG] SystemI::createSoundInternal             :     exinfo->userread           = 00007FFBA013D610
[LOG] SystemI::createSoundInternal             :     exinfo->userseek           = 00007FFBA013D6D0
[LOG] SystemI::createSoundInternal             :     exinfo->fileuserdata       = 000001B84B500758
[LOG] SystemI::createSoundInternal             :     exinfo->initialseekpostype = 1
[LOG] SystemI::DSPCodecPoolRegister            :     register codec pool for pool type 4
[LOG] SystemI::createSoundInternal             :     Sample 0/1: name='ElectricZap', format=5, channels=1, frequency=48000, lengthbytes=7008, lengthpcm=37616, pcmblocksize=0, loopstart=0, loopend=0, mode=0x00000000, channelmask=0x00000000, channelorder=0, peakvolume=0.826019.
[LOG] Thread::initThread                       :     Init FMOD file thread. Affinity: 0x4000000000000003, Priority: 0xFFFF7FFC, Stack Size: 65536, Semaphore: No, Sleep Time: 10, Looping: Yes.
[LOG] AsyncThread::threadFunc                  : Finished Asynchronous operation on sound 000001B939D75128
[LOG] SystemI::createSound                     : filename = ../../../SON/FMOD Proyecto Final/ProyectoFinal/Build/Desktop/Menu.bank : mode 02010082
[LOG] SystemI::createSound                     : FMOD_NONBLOCKING specified.  Putting into queue to be opened asynchronously!
[LOG] AsyncThread::getAsyncThread              : index = 0 / 5
[LOG] AsyncThread::add                         : add sound to async queue : soundi = 000001B939D73CD8, queue head = 000001B939D72E88, queue count = 0
[LOG] AsyncThread::threadFunc                  : Starting Asynchronous operation on sound 000001B939D73CD8
[LOG] SystemI::createSoundInternal             :     Create name='../../../SON/FMOD Proyecto Final/ProyectoFinal/Build/Desktop/Menu.bank', mode=0x02010082
[LOG] SystemI::createSoundInternal             :     exinfo->cbsize             = 224
[LOG] SystemI::createSoundInternal             :     exinfo->length             = 471520
[LOG] SystemI::createSoundInternal             :     exinfo->fileoffset         = 4992
[LOG] SystemI::createSoundInternal             :     exinfo->numsubsounds       = 1
[LOG] SystemI::createSoundInternal             :     exinfo->inclusionlist      = 000001B93D527B78
[LOG] SystemI::createSoundInternal             :     exinfo->inclusionlistnum   = 1
[LOG] SystemI::createSoundInternal             :     exinfo->suggestedsoundtype = 5
[LOG] SystemI::createSoundInternal             :     exinfo->initialseekposition = 27482
[LOG] SystemI::createSoundInternal             :     exinfo->initialseekpostype = 1
[LOG] SystemI::createSoundInternal             :     Stream 0/1: name='ElectricTransformer', format=5, channels=2, frequency=48000, lengthbytes=449312, lengthpcm=2884608, pcmblocksize=0, loopstart=0, loopend=0, mode=0x00000000, channelmask=0x00000000, channelorder=0, peakvolume=0.125000.
[LOG] AsyncThread::threadFunc                  : Finished Asynchronous operation on sound 000001B939D73CD8
[LOG] SystemI::createSound                     : filename = ../../../SON/FMOD Proyecto Final/ProyectoFinal/Build/Desktop/Menu.bank : mode 02010082
[LOG] SystemI::createSound                     : FMOD_NONBLOCKING specified.  Putting into queue to be opened asynchronously!
[LOG] AsyncThread::getAsyncThread              : index = 0 / 5
[LOG] AsyncThread::add                         : add sound to async queue : soundi = 000001B9DCF03798, queue head = 000001B939D72E88, queue count = 0
[LOG] AsyncThread::threadFunc                  : Starting Asynchronous operation on sound 000001B9DCF03798
[LOG] SystemI::createSoundInternal             :     Create name='../../../SON/FMOD Proyecto Final/ProyectoFinal/Build/Desktop/Menu.bank', mode=0x02010082
[LOG] SystemI::createSoundInternal             :     exinfo->cbsize             = 224
[LOG] SystemI::createSoundInternal             :     exinfo->length             = 471520
[LOG] SystemI::createSoundInternal             :     exinfo->fileoffset         = 4992
[LOG] SystemI::createSoundInternal             :     exinfo->numsubsounds       = 1
[LOG] SystemI::createSoundInternal             :     exinfo->inclusionlist      = 000001B93D5266D8
[LOG] SystemI::createSoundInternal             :     exinfo->inclusionlistnum   = 1
[LOG] SystemI::createSoundInternal             :     exinfo->suggestedsoundtype = 5
[LOG] SystemI::createSoundInternal             :     exinfo->initialseekpostype = 1
[LOG] SystemI::createSoundInternal             :     Stream 0/1: name='ElectricTransformer', format=5, channels=2, frequency=48000, lengthbytes=449312, lengthpcm=2884608, pcmblocksize=0, loopstart=0, loopend=0, mode=0x00000000, channelmask=0x00000000, channelorder=0, peakvolume=0.125000.
[LOG] AsyncThread::threadFunc                  : Finished Asynchronous operation on sound 000001B9DCF03798
[LOG] AsyncThread::add                         : add sound to async queue : soundi = 000001B8CFE177F8, queue head = 000001B939D72E88, queue count = 0
[LOG] AsyncThread::threadFunc                  : Starting Asynchronous operation on sound 000001B8CFE177F8
[LOG] AsyncThread::threadFunc                  : Finished Asynchronous operation on sound 000001B8CFE177F8
[LOG] SystemI::createSound                     : filename = ../../../SON/FMOD Proyecto Final/ProyectoFinal/Build/Desktop/Light.bank : mode 02010082
[LOG] SystemI::createSound                     : FMOD_NONBLOCKING specified.  Putting into queue to be opened asynchronously!
[LOG] AsyncThread::getAsyncThread              : index = 0 / 5
[LOG] AsyncThread::add                         : add sound to async queue : soundi = 000001B9DCF02E38, queue head = 000001B939D72E88, queue count = 0
[LOG] AsyncThread::threadFunc                  : Starting Asynchronous operation on sound 000001B9DCF02E38
[LOG] SystemI::createSoundInternal             :     Create name='../../../SON/FMOD Proyecto Final/ProyectoFinal/Build/Desktop/Light.bank', mode=0x02010082
[LOG] SystemI::createSoundInternal             :     exinfo->cbsize             = 224
[LOG] SystemI::createSoundInternal             :     exinfo->length             = 449920
[LOG] SystemI::createSoundInternal             :     exinfo->fileoffset         = 2080
[LOG] SystemI::createSoundInternal             :     exinfo->numsubsounds       = 1
[LOG] SystemI::createSoundInternal             :     exinfo->inclusionlist      = 000001B93D524058
[LOG] SystemI::createSoundInternal             :     exinfo->inclusionlistnum   = 1
[LOG] SystemI::createSoundInternal             :     exinfo->suggestedsoundtype = 5
[LOG] SystemI::createSoundInternal             :     exinfo->initialseekpostype = 1
[LOG] SystemI::createSoundInternal             :     Stream 0/1: name='ElectricTransformer', format=5, channels=2, frequency=48000, lengthbytes=449312, lengthpcm=2884608, pcmblocksize=0, loopstart=0, loopend=0, mode=0x00000000, channelmask=0x00000000, channelorder=0, peakvolume=0.125000.
[LOG] AsyncThread::threadFunc                  : Finished Asynchronous operation on sound 000001B9DCF02E38
[LOG] SystemI::createSound                     : filename = ../../../SON/FMOD Proyecto Final/ProyectoFinal/Build/Desktop/Light.bank : mode 02010082
[LOG] SystemI::createSound                     : FMOD_NONBLOCKING specified.  Putting into queue to be opened asynchronously!
[LOG] AsyncThread::getAsyncThread              : index = 0 / 5
[LOG] AsyncThread::add                         : add sound to async queue : soundi = 000001B9DCF03158, queue head = 000001B939D72E88, queue count = 0
[LOG] AsyncThread::threadFunc                  : Starting Asynchronous operation on sound 000001B9DCF03158
[LOG] SystemI::createSoundInternal             :     Create name='../../../SON/FMOD Proyecto Final/ProyectoFinal/Build/Desktop/Light.bank', mode=0x02010082
[LOG] SystemI::createSoundInternal             :     exinfo->cbsize             = 224
[LOG] SystemI::createSoundInternal             :     exinfo->length             = 449920
[LOG] SystemI::createSoundInternal             :     exinfo->fileoffset         = 2080
[LOG] SystemI::createSoundInternal             :     exinfo->numsubsounds       = 1
[LOG] SystemI::createSoundInternal             :     exinfo->inclusionlist      = 000001B93D525BD8
[LOG] SystemI::createSoundInternal             :     exinfo->inclusionlistnum   = 1
[LOG] SystemI::createSoundInternal             :     exinfo->suggestedsoundtype = 5
[LOG] SystemI::createSoundInternal             :     exinfo->initialseekpostype = 1
[LOG] SystemI::createSoundInternal             :     Stream 0/1: name='ElectricTransformer', format=5, channels=2, frequency=48000, lengthbytes=449312, lengthpcm=2884608, pcmblocksize=0, loopstart=0, loopend=0, mode=0x00000000, channelmask=0x00000000, channelorder=0, peakvolume=0.125000.
[LOG] AsyncThread::threadFunc                  : Finished Asynchronous operation on sound 000001B9DCF03158
[LOG] SystemI::createSound                     : filename = ../../../SON/FMOD Proyecto Final/ProyectoFinal/Build/Desktop/Light.bank : mode 02010082
[LOG] SystemI::createSound                     : FMOD_NONBLOCKING specified.  Putting into queue to be opened asynchronously!
[LOG] AsyncThread::getAsyncThread              : index = 0 / 5
[LOG] AsyncThread::add                         : add sound to async queue : soundi = 000001B9DCF008B8, queue head = 000001B939D72E88, queue count = 0
[LOG] AsyncThread::threadFunc                  : Starting Asynchronous operation on sound 000001B9DCF008B8
[LOG] SystemI::createSoundInternal             :     Create name='../../../SON/FMOD Proyecto Final/ProyectoFinal/Build/Desktop/Light.bank', mode=0x02010082
[LOG] SystemI::createSound                     :     filename = ../../../SON/FMOD Proyecto Final/ProyectoFinal/Build/Desktop/Light.bank : mode 02010082
[LOG] SystemI::createSoundInternal             :     exinfo->cbsize             = 224
[LOG] SystemI::createSound                     :     FMOD_NONBLOCKING specified.  Putting into queue to be opened asynchronously!
[LOG] SystemI::createSoundInternal             :     exinfo->length             = 449920
[LOG] AsyncThread::getAsyncThread              :     index = 0 / 5
[LOG] SystemI::createSoundInternal             :     exinfo->fileoffset         = 2080
[LOG] AsyncThread::add                         :     add sound to async queue : soundi = 000001B9DCF02668, queue head = 000001B939D72E88, queue count = 0
[LOG] SystemI::createSoundInternal             :     exinfo->numsubsounds       = 1
[LOG] SystemI::createSoundInternal             :     exinfo->inclusionlist      = 000001B93D528518
[LOG] SystemI::createSoundInternal             :     exinfo->inclusionlistnum   = 1
[LOG] SystemI::createSoundInternal             :     exinfo->suggestedsoundtype = 5
[LOG] SystemI::createSoundInternal             :     exinfo->initialseekpostype = 1
[LOG] SystemI::createSoundInternal             :     Stream 0/1: name='ElectricTransformer', format=5, channels=2, frequency=48000, lengthbytes=449312, lengthpcm=2884608, pcmblocksize=0, loopstart=0, loopend=0, mode=0x00000000, channelmask=0x00000000, channelorder=0, peakvolume=0.125000.
[LOG] AsyncThread::threadFunc                  : Finished Asynchronous operation on sound 000001B9DCF008B8
[LOG] AsyncThread::threadFunc                  : Starting Asynchronous operation on sound 000001B9DCF02668
[LOG] SystemI::createSoundInternal             :     Create name='../../../SON/FMOD Proyecto Final/ProyectoFinal/Build/Desktop/Light.bank', mode=0x02010082
[LOG] SystemI::createSoundInternal             :     exinfo->cbsize             = 224
[LOG] SystemI::createSoundInternal             :     exinfo->length             = 449920
[LOG] SystemI::createSoundInternal             :     exinfo->fileoffset         = 2080
[LOG] SystemI::createSoundInternal             :     exinfo->numsubsounds       = 1
[LOG] SystemI::createSoundInternal             :     exinfo->inclusionlist      = 000001B93D524318
[LOG] SystemI::createSoundInternal             :     exinfo->inclusionlistnum   = 1
[LOG] SystemI::createSoundInternal             :     exinfo->suggestedsoundtype = 5
[LOG] SystemI::createSoundInternal             :     exinfo->initialseekpostype = 1
[LOG] SystemI::createSoundInternal             :     Stream 0/1: name='ElectricTransformer', format=5, channels=2, frequency=48000, lengthbytes=449312, lengthpcm=2884608, pcmblocksize=0, loopstart=0, loopend=0, mode=0x00000000, channelmask=0x00000000, channelorder=0, peakvolume=0.125000.
[LOG] AsyncThread::threadFunc                  : Finished Asynchronous operation on sound 000001B9DCF02668
[LOG] SoundI::release                          : ElectricTransformer (000001B9DCF02E38)
[LOG] SoundI::release                          :     ElectricTransformer (000001B93880A878)
[LOG] SoundI::release                          :     ElectricTransformer (000001B9DCD7E808)
[LOG] SoundI::release                          : ElectricTransformer (000001B9DCF02668)
[LOG] SoundI::release                          :     ElectricTransformer (000001B87A517E08)
[LOG] SoundI::release                          :     ElectricTransformer (000001B87A4C69D8)
[LOG] SoundI::release                          : ElectricTransformer (000001B9DCF008B8)
[LOG] SoundI::release                          :     ElectricTransformer (000001B8FFAF0DC8)
[LOG] SoundI::release                          :     ElectricTransformer (000001B87A4C66B8)
[LOG] SystemI::createSound                     : filename = ../../../SON/FMOD Proyecto Final/ProyectoFinal/Build/Desktop/Light.bank : mode 02010082
[LOG] SystemI::createSound                     : FMOD_NONBLOCKING specified.  Putting into queue to be opened asynchronously!
[LOG] AsyncThread::getAsyncThread              : index = 0 / 5
[LOG] AsyncThread::add                         : add sound to async queue : soundi = 000001B9DCF00BD8, queue head = 000001B939D72E88, queue count = 0
[LOG] AsyncThread::threadFunc                  : Starting Asynchronous operation on sound 000001B9DCF00BD8
[LOG] SystemI::createSoundInternal             :     Create name='../../../SON/FMOD Proyecto Final/ProyectoFinal/Build/Desktop/Light.bank', mode=0x02010082
[LOG] SystemI::createSoundInternal             :     exinfo->cbsize             = 224
[LOG] SystemI::createSoundInternal             :     exinfo->length             = 449920
[LOG] SystemI::createSoundInternal             :     exinfo->fileoffset         = 2080
[LOG] SystemI::createSoundInternal             :     exinfo->numsubsounds       = 1
[LOG] SystemI::createSoundInternal             :     exinfo->inclusionlist      = 000001B93D527078
[LOG] SystemI::createSoundInternal             :     exinfo->inclusionlistnum   = 1
[LOG] SystemI::createSoundInternal             :     exinfo->suggestedsoundtype = 5
[LOG] SystemI::createSoundInternal             :     exinfo->initialseekpostype = 1
[LOG] SystemI::createSoundInternal             :     Stream 0/1: name='ElectricTransformer', format=5, channels=2, frequency=48000, lengthbytes=449312, lengthpcm=2884608, pcmblocksize=0, loopstart=0, loopend=0, mode=0x00000000, channelmask=0x00000000, channelorder=0, peakvolume=0.125000.
[LOG] AsyncThread::threadFunc                  : Finished Asynchronous operation on sound 000001B9DCF00BD8
[LOG] SystemI::createSound                     : filename = ../../../SON/FMOD Proyecto Final/ProyectoFinal/Build/Desktop/Light.bank : mode 02010082
[LOG] SystemI::createSound                     : FMOD_NONBLOCKING specified.  Putting into queue to be opened asynchronously!
[LOG] AsyncThread::getAsyncThread              : index = 0 / 5
[LOG] AsyncThread::add                         : add sound to async queue : soundi = 000001B9DCF04288, queue head = 000001B939D72E88, queue count = 0
[LOG] AsyncThread::threadFunc                  : Starting Asynchronous operation on sound 000001B9DCF04288
[LOG] SystemI::createSoundInternal             :     Create name='../../../SON/FMOD Proyecto Final/ProyectoFinal/Build/Desktop/Light.bank', mode=0x02010082
[LOG] SystemI::createSoundInternal             :     exinfo->cbsize             = 224
[LOG] SystemI::createSoundInternal             :     exinfo->length             = 449920
[LOG] SystemI::createSoundInternal             :     exinfo->fileoffset         = 2080
[LOG] SystemI::createSoundInternal             :     exinfo->numsubsounds       = 1
[LOG] SystemI::createSoundInternal             :     exinfo->inclusionlist      = 000001B93D5249F8
[LOG] SystemI::createSoundInternal             :     exinfo->inclusionlistnum   = 1
[LOG] SystemI::createSoundInternal             :     exinfo->suggestedsoundtype = 5
[LOG] SystemI::createSoundInternal             :     exinfo->initialseekpostype = 1
[LOG] SystemI::createSoundInternal             :     Stream 0/1: name='ElectricTransformer', format=5, channels=2, frequency=48000, lengthbytes=449312, lengthpcm=2884608, pcmblocksize=0, loopstart=0, loopend=0, mode=0x00000000, channelmask=0x00000000, channelorder=0, peakvolume=0.125000.
[LOG] AsyncThread::threadFunc                  : Finished Asynchronous operation on sound 000001B9DCF04288
[LOG] SystemI::createSound                     : filename = ../../../SON/FMOD Proyecto Final/ProyectoFinal/Build/Desktop/Light.bank : mode 02010082
[LOG] SystemI::createSound                     : FMOD_NONBLOCKING specified.  Putting into queue to be opened asynchronously!
[LOG] AsyncThread::getAsyncThread              : index = 0 / 5
[LOG] AsyncThread::add                         : add sound to async queue : soundi = 000001B84C5183D8, queue head = 000001B939D72E88, queue count = 0
[LOG] AsyncThread::threadFunc                  : Starting Asynchronous operation on sound 000001B84C5183D8
[LOG] SystemI::createSoundInternal             :     Create name='../../../SON/FMOD Proyecto Final/ProyectoFinal/Build/Desktop/Light.bank', mode=0x02010082
[LOG] SystemI::createSoundInternal             :     exinfo->cbsize             = 224
[LOG] SystemI::createSoundInternal             :     exinfo->length             = 449920
[LOG] SystemI::createSoundInternal             :     exinfo->fileoffset         = 2080
[LOG] SystemI::createSoundInternal             :     exinfo->numsubsounds       = 1
[LOG] SystemI::createSoundInternal             :     exinfo->inclusionlist      = 000001B93D528518
[LOG] SystemI::createSoundInternal             :     exinfo->inclusionlistnum   = 1
[LOG] SystemI::createSoundInternal             :     exinfo->suggestedsoundtype = 5
[LOG] SystemI::createSoundInternal             :     exinfo->initialseekpostype = 1
[LOG] SystemI::createSoundInternal             :     Stream 0/1: name='ElectricTransformer', format=5, channels=2, frequency=48000, lengthbytes=449312, lengthpcm=2884608, pcmblocksize=0, loopstart=0, loopend=0, mode=0x00000000, channelmask=0x00000000, channelorder=0, peakvolume=0.125000.
[LOG] AsyncThread::threadFunc                  : Finished Asynchronous operation on sound 000001B84C5183D8
[LOG] SystemI::createSound                     : filename = ../../../SON/FMOD Proyecto Final/ProyectoFinal/Build/Desktop/Light.bank : mode 02010082
[LOG] SystemI::createSound                     : FMOD_NONBLOCKING specified.  Putting into queue to be opened asynchronously!
[LOG] AsyncThread::getAsyncThread              : index = 0 / 5
[LOG] AsyncThread::add                         : add sound to async queue : soundi = 000001B84C5191E8, queue head = 000001B939D72E88, queue count = 0
[LOG] AsyncThread::threadFunc                  : Starting Asynchronous operation on sound 000001B84C5191E8
[LOG] SystemI::createSoundInternal             :     Create name='../../../SON/FMOD Proyecto Final/ProyectoFinal/Build/Desktop/Light.bank', mode=0x02010082
[LOG] SystemI::createSoundInternal             :     exinfo->cbsize             = 224
[LOG] SystemI::createSoundInternal             :     exinfo->length             = 449920
[LOG] SystemI::createSoundInternal             :     exinfo->fileoffset         = 2080
[LOG] SystemI::createSoundInternal             :     exinfo->numsubsounds       = 1
[LOG] SystemI::createSoundInternal             :     exinfo->inclusionlist      = 000001B93D524B58
[LOG] SystemI::createSoundInternal             :     exinfo->inclusionlistnum   = 1
[LOG] SystemI::createSoundInternal             :     exinfo->suggestedsoundtype = 5
[LOG] SystemI::createSoundInternal             :     exinfo->initialseekpostype = 1
[LOG] SoundI::release                          :     ElectricTransformer (000001B9DCF03158)
[LOG] SoundI::release                          :         ElectricTransformer (000001B8FFAF0C48)
[LOG] SoundI::release                          :         ElectricTransformer (000001B87A4C8468)
[LOG] SystemI::createSoundInternal             :     Stream 0/1: name='ElectricTransformer', format=5, channels=2, frequency=48000, lengthbytes=449312, lengthpcm=2884608, pcmblocksize=0, loopstart=0, loopend=0, mode=0x00000000, channelmask=0x00000000, channelorder=0, peakvolume=0.125000.
[LOG] AsyncThread::threadFunc                  : Finished Asynchronous operation on sound 000001B84C5191E8
[LOG] SoundI::release                          : ElectricTransformer (000001B9DCF00BD8)
[LOG] SoundI::release                          :     ElectricTransformer (000001B8FFAF0DC8)
[LOG] SoundI::release                          :     ElectricTransformer (000001B87A4C5A38)
[LOG] SoundI::release                          : ElectricTransformer (000001B84C5191E8)
[LOG] SoundI::release                          :     ElectricTransformer (000001B93CBCB0B8)
[LOG] SoundI::release                          :     ElectricTransformer (000001B939D74638)
[LOG] SoundI::release                          : ElectricTransformer (000001B84C5183D8)
[LOG] SoundI::release                          :     ElectricTransformer (000001B87A517688)
[LOG] SoundI::release                          :     ElectricTransformer (000001B87A4C66B8)
[LOG] SystemI::createSound                     : filename = ../../../SON/FMOD Proyecto Final/ProyectoFinal/Build/Desktop/Light.bank : mode 02010082
[LOG] SystemI::createSound                     : FMOD_NONBLOCKING specified.  Putting into queue to be opened asynchronously!
[LOG] AsyncThread::getAsyncThread              : index = 0 / 5
[LOG] AsyncThread::add                         : add sound to async queue : soundi = 000001B84C518A18, queue head = 000001B939D72E88, queue count = 0
[LOG] AsyncThread::threadFunc                  : Starting Asynchronous operation on sound 000001B84C518A18
[LOG] SystemI::createSoundInternal             :     Create name='../../../SON/FMOD Proyecto Final/ProyectoFinal/Build/Desktop/Light.bank', mode=0x02010082
[LOG] SystemI::createSoundInternal             :     exinfo->cbsize             = 224
[LOG] SystemI::createSoundInternal             :     exinfo->length             = 449920
[LOG] SystemI::createSoundInternal             :     exinfo->fileoffset         = 2080
[LOG] SystemI::createSoundInternal             :     exinfo->numsubsounds       = 1
[LOG] SystemI::createSoundInternal             :     exinfo->inclusionlist      = 000001B93D528518
[LOG] SystemI::createSoundInternal             :     exinfo->inclusionlistnum   = 1
[LOG] SystemI::createSoundInternal             :     exinfo->suggestedsoundtype = 5
[LOG] SystemI::createSoundInternal             :     exinfo->initialseekpostype = 1
[LOG] SystemI::createSoundInternal             :     Stream 0/1: name='ElectricTransformer', format=5, channels=2, frequency=48000, lengthbytes=449312, lengthpcm=2884608, pcmblocksize=0, loopstart=0, loopend=0, mode=0x00000000, channelmask=0x00000000, channelorder=0, peakvolume=0.125000.
[LOG] AsyncThread::threadFunc                  : Finished Asynchronous operation on sound 000001B84C518A18
[LOG] SystemI::createSound                     : filename = ../../../SON/FMOD Proyecto Final/ProyectoFinal/Build/Desktop/Light.bank : mode 02010082
[LOG] SystemI::createSound                     : FMOD_NONBLOCKING specified.  Putting into queue to be opened asynchronously!
[LOG] AsyncThread::getAsyncThread              : index = 0 / 5
[LOG] AsyncThread::add                         : add sound to async queue : soundi = 000001B84C518BA8, queue head = 000001B939D72E88, queue count = 0
[LOG] AsyncThread::threadFunc                  : Starting Asynchronous operation on sound 000001B84C518BA8
[LOG] SystemI::createSoundInternal             :     Create name='../../../SON/FMOD Proyecto Final/ProyectoFinal/Build/Desktop/Light.bank', mode=0x02010082
[LOG] SystemI::createSoundInternal             :     exinfo->cbsize             = 224
[LOG] SystemI::createSoundInternal             :     exinfo->length             = 449920
[LOG] SystemI::createSoundInternal             :     exinfo->fileoffset         = 2080
[LOG] SystemI::createSoundInternal             :     exinfo->numsubsounds       = 1
[LOG] SystemI::createSoundInternal             :     exinfo->inclusionlist      = 000001B93D528938
[LOG] SystemI::createSoundInternal             :     exinfo->inclusionlistnum   = 1
[LOG] SystemI::createSoundInternal             :     exinfo->suggestedsoundtype = 5
[LOG] SystemI::createSoundInternal             :     exinfo->initialseekpostype = 1
[LOG] SystemI::createSoundInternal             :     Stream 0/1: name='ElectricTransformer', format=5, channels=2, frequency=48000, lengthbytes=449312, lengthpcm=2884608, pcmblocksize=0, loopstart=0, loopend=0, mode=0x00000000, channelmask=0x00000000, channelorder=0, peakvolume=0.125000.
[LOG] AsyncThread::threadFunc                  : Finished Asynchronous operation on sound 000001B84C518BA8
[LOG] SoundI::release                          : ElectricTransformer (000001B9DCF04288)
[LOG] SoundI::release                          :     ElectricTransformer (000001B87A517208)
[LOG] SoundI::release                          :     ElectricTransformer (000001B87A4C53F8)
[LOG] SystemI::createSound                     : filename = ../../../SON/FMOD Proyecto Final/ProyectoFinal/Build/Desktop/Light.bank : mode 02010082
[LOG] SystemI::createSound                     : FMOD_NONBLOCKING specified.  Putting into queue to be opened asynchronously!
[LOG] AsyncThread::getAsyncThread              : index = 0 / 5
[LOG] AsyncThread::add                         : add sound to async queue : soundi = 000001B84C5199B8, queue head = 000001B939D72E88, queue count = 0
[LOG] AsyncThread::threadFunc                  : Starting Asynchronous operation on sound 000001B84C5199B8
[LOG] SystemI::createSoundInternal             :     Create name='../../../SON/FMOD Proyecto Final/ProyectoFinal/Build/Desktop/Light.bank', mode=0x02010082
[LOG] SystemI::createSoundInternal             :     exinfo->cbsize             = 224
[LOG] SystemI::createSoundInternal             :     exinfo->length             = 449920
[LOG] SystemI::createSoundInternal             :     exinfo->fileoffset         = 2080
[LOG] SystemI::createSoundInternal             :     exinfo->numsubsounds       = 1
[LOG] SystemI::createSoundInternal             :     exinfo->inclusionlist      = 000001B93D525E98
[LOG] SystemI::createSoundInternal             :     exinfo->inclusionlistnum   = 1
[LOG] SystemI::createSoundInternal             :     exinfo->suggestedsoundtype = 5
[LOG] SystemI::createSoundInternal             :     exinfo->initialseekpostype = 1
[LOG] SystemI::createSoundInternal             :     Stream 0/1: name='ElectricTransformer', format=5, channels=2, frequency=48000, lengthbytes=449312, lengthpcm=2884608, pcmblocksize=0, loopstart=0, loopend=0, mode=0x00000000, channelmask=0x00000000, channelorder=0, peakvolume=0.125000.
[LOG] AsyncThread::threadFunc                  : Finished Asynchronous operation on sound 000001B84C5199B8
[LOG] SystemI::createSound                     : filename = ../../../SON/FMOD Proyecto Final/ProyectoFinal/Build/Desktop/Light.bank : mode 02010082
[LOG] SystemI::createSound                     : FMOD_NONBLOCKING specified.  Putting into queue to be opened asynchronously!
[LOG] AsyncThread::getAsyncThread              : index = 0 / 5
[LOG] AsyncThread::add                         : add sound to async queue : soundi = 000001B84C025918, queue head = 000001B939D72E88, queue count = 0
[LOG] AsyncThread::threadFunc                  : Starting Asynchronous operation on sound 000001B84C025918
[LOG] SystemI::createSoundInternal             :     Create name='../../../SON/FMOD Proyecto Final/ProyectoFinal/Build/Desktop/Light.bank', mode=0x02010082
[LOG] SystemI::createSoundInternal             :     exinfo->cbsize             = 224
[LOG] SystemI::createSoundInternal             :     exinfo->length             = 449920
[LOG] SystemI::createSoundInternal             :     exinfo->fileoffset         = 2080
[LOG] SystemI::createSoundInternal             :     exinfo->numsubsounds       = 1
[LOG] SystemI::createSoundInternal             :     exinfo->inclusionlist      = 000001B93D528A98
[LOG] SystemI::createSoundInternal             :     exinfo->inclusionlistnum   = 1
[LOG] SystemI::createSoundInternal             :     exinfo->suggestedsoundtype = 5
[LOG] SystemI::createSoundInternal             :     exinfo->initialseekpostype = 1
[LOG] SystemI::createSoundInternal             :     Stream 0/1: name='ElectricTransformer', format=5, channels=2, frequency=48000, lengthbytes=449312, lengthpcm=2884608, pcmblocksize=0, loopstart=0, loopend=0, mode=0x00000000, channelmask=0x00000000, channelorder=0, peakvolume=0.125000.
[LOG] AsyncThread::threadFunc                  : Finished Asynchronous operation on sound 000001B84C025918
[LOG] SoundI::release                          : ElectricTransformer (000001B84C518A18)
[LOG] SoundI::release                          :     ElectricTransformer (000001B93CBCBE38)
[LOG] SoundI::release                          :     ElectricTransformer (000001B939D72248)
[LOG] SystemI::createSound                     : filename = ../../../SON/FMOD Proyecto Final/ProyectoFinal/Build/Desktop/Light.bank : mode 02010082
[LOG] SystemI::createSound                     : FMOD_NONBLOCKING specified.  Putting into queue to be opened asynchronously!
[LOG] AsyncThread::getAsyncThread              : index = 0 / 5
[LOG] AsyncThread::add                         : add sound to async queue : soundi = 000001B84C026D68, queue head = 000001B939D72E88, queue count = 0
[LOG] AsyncThread::threadFunc                  : Starting Asynchronous operation on sound 000001B84C026D68
[LOG] SystemI::createSoundInternal             :     Create name='../../../SON/FMOD Proyecto Final/ProyectoFinal/Build/Desktop/Light.bank', mode=0x02010082
[LOG] SystemI::createSoundInternal             :     exinfo->cbsize             = 224
[LOG] SystemI::createSoundInternal             :     exinfo->length             = 449920
[LOG] SystemI::createSoundInternal             :     exinfo->fileoffset         = 2080
[LOG] SystemI::createSoundInternal             :     exinfo->numsubsounds       = 1
[LOG] SystemI::createSoundInternal             :     exinfo->inclusionlist      = 000001B93D524F78
[LOG] SystemI::createSoundInternal             :     exinfo->inclusionlistnum   = 1
[LOG] SystemI::createSoundInternal             :     exinfo->suggestedsoundtype = 5
[LOG] SystemI::createSoundInternal             :     exinfo->initialseekpostype = 1
[LOG] SystemI::createSoundInternal             :     Stream 0/1: name='ElectricTransformer', format=5, channels=2, frequency=48000, lengthbytes=449312, lengthpcm=2884608, pcmblocksize=0, loopstart=0, loopend=0, mode=0x00000000, channelmask=0x00000000, channelorder=0, peakvolume=0.125000.
[LOG] AsyncThread::threadFunc                  : Finished Asynchronous operation on sound 000001B84C026D68
[LOG] SoundI::release                          : ElectricTransformer (000001B84C026D68)
[LOG] SoundI::release                          :     ElectricTransformer (000001B8FFAF0DC8)
[LOG] SoundI::release                          :     ElectricTransformer (000001B91DF603E8)
[LOG] SystemI::createSound                     : filename = ../../../SON/FMOD Proyecto Final/ProyectoFinal/Build/Desktop/Light.bank : mode 02010082
[LOG] SystemI::createSound                     : FMOD_NONBLOCKING specified.  Putting into queue to be opened asynchronously!
[LOG] AsyncThread::getAsyncThread              : index = 0 / 5
[LOG] AsyncThread::add                         : add sound to async queue : soundi = 000001B84C0268B8, queue head = 000001B939D72E88, queue count = 0
[LOG] AsyncThread::threadFunc                  : Starting Asynchronous operation on sound 000001B84C0268B8
[LOG] SystemI::createSoundInternal             :     Create name='../../../SON/FMOD Proyecto Final/ProyectoFinal/Build/Desktop/Light.bank', mode=0x02010082
[LOG] SystemI::createSoundInternal             :     exinfo->cbsize             = 224
[LOG] SystemI::createSoundInternal             :     exinfo->length             = 449920
[LOG] SystemI::createSoundInternal             :     exinfo->fileoffset         = 2080
[LOG] SystemI::createSoundInternal             :     exinfo->numsubsounds       = 1
[LOG] SystemI::createSoundInternal             :     exinfo->inclusionlist      = 000001B93D524058
[LOG] SystemI::createSoundInternal             :     exinfo->inclusionlistnum   = 1
[LOG] SystemI::createSoundInternal             :     exinfo->suggestedsoundtype = 5
[LOG] SystemI::createSoundInternal             :     exinfo->initialseekpostype = 1
[LOG] SystemI::createSoundInternal             :     Stream 0/1: name='ElectricTransformer', format=5, channels=2, frequency=48000, lengthbytes=449312, lengthpcm=2884608, pcmblocksize=0, loopstart=0, loopend=0, mode=0x00000000, channelmask=0x00000000, channelorder=0, peakvolume=0.125000.
[LOG] AsyncThread::threadFunc                  : Finished Asynchronous operation on sound 000001B84C0268B8
[LOG] SoundI::release                          : ElectricTransformer (000001B939D73CD8)
[LOG] SoundI::release                          :     ElectricTransformer (000001B649006738)
[LOG] SoundI::release                          :     ElectricTransformer (000001B87A84F738)
[LOG] SystemI::createSound                     : filename = ../../../SON/FMOD Proyecto Final/ProyectoFinal/Build/Desktop/Light.bank : mode 02010082
[LOG] SystemI::createSound                     : FMOD_NONBLOCKING specified.  Putting into queue to be opened asynchronously!
[LOG] AsyncThread::getAsyncThread              : index = 0 / 5
[LOG] AsyncThread::add                         : add sound to async queue : soundi = 000001B84C027538, queue head = 000001B939D72E88, queue count = 0
[LOG] AsyncThread::threadFunc                  : Starting Asynchronous operation on sound 000001B84C027538
[LOG] SystemI::createSoundInternal             :     Create name='../../../SON/FMOD Proyecto Final/ProyectoFinal/Build/Desktop/Light.bank', mode=0x02010082
[LOG] SystemI::createSoundInternal             :     exinfo->cbsize             = 224
[LOG] SystemI::createSoundInternal             :     exinfo->length             = 449920
[LOG] SystemI::createSoundInternal             :     exinfo->fileoffset         = 2080
[LOG] SystemI::createSoundInternal             :     exinfo->numsubsounds       = 1
[LOG] SystemI::createSoundInternal             :     exinfo->inclusionlist      = 000001B93D525398
[LOG] SystemI::createSoundInternal             :     exinfo->inclusionlistnum   = 1
[LOG] SystemI::createSoundInternal             :     exinfo->suggestedsoundtype = 5
[LOG] SystemI::createSoundInternal             :     exinfo->initialseekpostype = 1
[LOG] SystemI::createSoundInternal             :     Stream 0/1: name='ElectricTransformer', format=5, channels=2, frequency=48000, lengthbytes=449312, lengthpcm=2884608, pcmblocksize=0, loopstart=0, loopend=0, mode=0x00000000, channelmask=0x00000000, channelorder=0, peakvolume=0.125000.
[LOG] AsyncThread::threadFunc                  : Finished Asynchronous operation on sound 000001B84C027538
[LOG] SoundI::release                          : ElectricTransformer (000001B84C5199B8)
[LOG] SoundI::release                          :     ElectricTransformer (000001B93CBCBCB8)
[LOG] SoundI::release                          :     ElectricTransformer (000001B939D74958)
[LOG] SystemI::createSound                     : filename = ../../../SON/FMOD Proyecto Final/ProyectoFinal/Build/Desktop/Light.bank : mode 02010082
[LOG] SystemI::createSound                     : FMOD_NONBLOCKING specified.  Putting into queue to be opened asynchronously!
[LOG] AsyncThread::getAsyncThread              : index = 0 / 5
[LOG] AsyncThread::add                         : add sound to async queue : soundi = 000001B84C025C38, queue head = 000001B939D72E88, queue count = 0
[LOG] AsyncThread::threadFunc                  : Starting Asynchronous operation on sound 000001B84C025C38
[LOG] SoundI::release                          : ElectricTransformer (000001B84C518BA8)
[LOG] SystemI::createSoundInternal             :     Create name='../../../SON/FMOD Proyecto Final/ProyectoFinal/Build/Desktop/Light.bank', mode=0x02010082
[LOG] SystemI::createSoundInternal             :         exinfo->cbsize             = 224
[LOG] SystemI::createSoundInternal             :         exinfo->length             = 449920
[LOG] SystemI::createSoundInternal             :         exinfo->fileoffset         = 2080
[LOG] SoundI::release                          :         ElectricTransformer (000001B93CBCBB38)
[LOG] SystemI::createSoundInternal             :         exinfo->numsubsounds       = 1
[LOG] SystemI::createSoundInternal             :         exinfo->inclusionlist      = 000001B93D528518
[LOG] SoundI::release                          :         ElectricTransformer (000001B939D723D8)
[LOG] SystemI::createSoundInternal             :         exinfo->inclusionlistnum   = 1
[LOG] SystemI::createSoundInternal             :         exinfo->suggestedsoundtype = 5
[LOG] SystemI::createSoundInternal             :     exinfo->initialseekpostype = 1
[LOG] SystemI::createSoundInternal             :     Stream 0/1: name='ElectricTransformer', format=5, channels=2, frequency=48000, lengthbytes=449312, lengthpcm=2884608, pcmblocksize=0, loopstart=0, loopend=0, mode=0x00000000, channelmask=0x00000000, channelorder=0, peakvolume=0.125000.
[LOG] AsyncThread::threadFunc                  : Finished Asynchronous operation on sound 000001B84C025C38
[LOG] SoundI::release                          : ElectricTransformer (000001B84C0268B8)
[LOG] SoundI::release                          :     ElectricTransformer (000001B8FFAF0DC8)
[LOG] SoundI::release                          :     ElectricTransformer (000001B91DF61B58)
[LOG] SoundI::release                          : ElectricTransformer (000001B84C025C38)
[LOG] SoundI::release                          :     ElectricTransformer (000001B84E755EA8)
[LOG] SoundI::release                          :     ElectricTransformer (000001B91DF611F8)
[LOG] SoundI::release                          : ElectricTransformer (000001B84C027538)
[LOG] SoundI::release                          :     ElectricTransformer (000001B84E756328)
[LOG] SoundI::release                          :     ElectricTransformer (000001B91DF61CE8)
[LOG] SystemI::createSound                     : filename = ../../../SON/FMOD Proyecto Final/ProyectoFinal/Build/Desktop/Light.bank : mode 02010082
[LOG] SystemI::createSound                     : FMOD_NONBLOCKING specified.  Putting into queue to be opened asynchronously!
[LOG] AsyncThread::getAsyncThread              : index = 0 / 5
[LOG] AsyncThread::add                         : add sound to async queue : soundi = 000001B9DCF021B8, queue head = 000001B939D72E88, queue count = 0
[LOG] AsyncThread::threadFunc                  : Starting Asynchronous operation on sound 000001B9DCF021B8
[LOG] SystemI::createSoundInternal             :     Create name='../../../SON/FMOD Proyecto Final/ProyectoFinal/Build/Desktop/Light.bank', mode=0x02010082
[LOG] SystemI::createSoundInternal             :     exinfo->cbsize             = 224
[LOG] SystemI::createSoundInternal             :     exinfo->length             = 449920
[LOG] SystemI::createSoundInternal             :     exinfo->fileoffset         = 2080
[LOG] SystemI::createSoundInternal             :     exinfo->numsubsounds       = 1
[LOG] SystemI::createSoundInternal             :     exinfo->inclusionlist      = 000001B93D5271D8
[LOG] SystemI::createSoundInternal             :     exinfo->inclusionlistnum   = 1
[LOG] SystemI::createSoundInternal             :     exinfo->suggestedsoundtype = 5
[LOG] SystemI::createSoundInternal             :     exinfo->initialseekpostype = 1
[LOG] SystemI::createSoundInternal             :     Stream 0/1: name='ElectricTransformer', format=5, channels=2, frequency=48000, lengthbytes=449312, lengthpcm=2884608, pcmblocksize=0, loopstart=0, loopend=0, mode=0x00000000, channelmask=0x00000000, channelorder=0, peakvolume=0.125000.
[LOG] AsyncThread::threadFunc                  : Finished Asynchronous operation on sound 000001B9DCF021B8
[LOG] SystemI::createSound                     : filename = ../../../SON/FMOD Proyecto Final/ProyectoFinal/Build/Desktop/Light.bank : mode 02010082
[LOG] SystemI::createSound                     : FMOD_NONBLOCKING specified.  Putting into queue to be opened asynchronously!
[LOG] AsyncThread::getAsyncThread              : index = 0 / 5
[LOG] AsyncThread::add                         : add sound to async queue : soundi = 000001B9DCF03158, queue head = 000001B939D72E88, queue count = 0
[LOG] AsyncThread::threadFunc                  : Starting Asynchronous operation on sound 000001B9DCF03158
[LOG] SystemI::createSoundInternal             :     Create name='../../../SON/FMOD Proyecto Final/ProyectoFinal/Build/Desktop/Light.bank', mode=0x02010082
[LOG] SystemI::createSoundInternal             :     exinfo->cbsize             = 224
[LOG] SystemI::createSoundInternal             :     exinfo->length             = 449920
[LOG] SystemI::createSoundInternal             :     exinfo->fileoffset         = 2080
[LOG] SystemI::createSoundInternal             :     exinfo->numsubsounds       = 1
[LOG] SystemI::createSoundInternal             :     exinfo->inclusionlist      = 000001B93D527B78
[LOG] SystemI::createSoundInternal             :     exinfo->inclusionlistnum   = 1
[LOG] SystemI::createSoundInternal             :     exinfo->suggestedsoundtype = 5
[LOG] SystemI::createSoundInternal             :     exinfo->initialseekpostype = 1
[LOG] SystemI::createSoundInternal             :     Stream 0/1: name='ElectricTransformer', format=5, channels=2, frequency=48000, lengthbytes=449312, lengthpcm=2884608, pcmblocksize=0, loopstart=0, loopend=0, mode=0x00000000, channelmask=0x00000000, channelorder=0, peakvolume=0.125000.
[LOG] AsyncThread::threadFunc                  : Finished Asynchronous operation on sound 000001B9DCF03158
[LOG] SoundI::release                          : ElectricTransformer (000001B9DCF021B8)
[LOG] SoundI::release                          :     ElectricTransformer (000001B84E7558A8)
[LOG] SoundI::release                          :     ElectricTransformer (000001B84C5199B8)
[LOG] SystemI::createSound                     : filename = ../../../SON/FMOD Proyecto Final/ProyectoFinal/Build/Desktop/Light.bank : mode 02010082
[LOG] SystemI::createSound                     : FMOD_NONBLOCKING specified.  Putting into queue to be opened asynchronously!
[LOG] AsyncThread::getAsyncThread              : index = 0 / 5
[LOG] AsyncThread::add                         : add sound to async queue : soundi = 000001B9DCF00728, queue head = 000001B939D72E88, queue count = 0
[LOG] AsyncThread::threadFunc                  : Starting Asynchronous operation on sound 000001B9DCF00728
[LOG] SystemI::createSoundInternal             :     Create name='../../../SON/FMOD Proyecto Final/ProyectoFinal/Build/Desktop/Light.bank', mode=0x02010082
[LOG] SystemI::createSoundInternal             :     exinfo->cbsize             = 224
[LOG] SystemI::createSoundInternal             :     exinfo->length             = 449920
[LOG] SystemI::createSoundInternal             :     exinfo->fileoffset         = 2080
[LOG] SystemI::createSoundInternal             :     exinfo->numsubsounds       = 1
[LOG] SystemI::createSoundInternal             :     exinfo->inclusionlist      = 000001B93D524318
[LOG] SystemI::createSoundInternal             :     exinfo->inclusionlistnum   = 1
[LOG] SystemI::createSoundInternal             :     exinfo->suggestedsoundtype = 5
[LOG] SystemI::createSoundInternal             :     exinfo->initialseekpostype = 1
[LOG] SystemI::createSoundInternal             :     Stream 0/1: name='ElectricTransformer', format=5, channels=2, frequency=48000, lengthbytes=449312, lengthpcm=2884608, pcmblocksize=0, loopstart=0, loopend=0, mode=0x00000000, channelmask=0x00000000, channelorder=0, peakvolume=0.125000.
[LOG] AsyncThread::threadFunc                  : Finished Asynchronous operation on sound 000001B9DCF00728
[LOG] SystemI::createSound                     : filename = ../../../SON/FMOD Proyecto Final/ProyectoFinal/Build/Desktop/Light.bank : mode 02010082
[LOG] SystemI::createSound                     : FMOD_NONBLOCKING specified.  Putting into queue to be opened asynchronously!
[LOG] AsyncThread::getAsyncThread              : index = 0 / 5
[LOG] AsyncThread::add                         : add sound to async queue : soundi = 000001B9DCF01D08, queue head = 000001B939D72E88, queue count = 0
[LOG] AsyncThread::threadFunc                  : Starting Asynchronous operation on sound 000001B9DCF01D08
[LOG] SoundI::release                          : ElectricTransformer (000001B9DCF03158)
[LOG] SystemI::createSoundInternal             :     Create name='../../../SON/FMOD Proyecto Final/ProyectoFinal/Build/Desktop/Light.bank', mode=0x02010082
[LOG] SystemI::createSoundInternal             :         exinfo->cbsize             = 224
[LOG] SystemI::createSoundInternal             :         exinfo->length             = 449920
[LOG] SoundI::release                          :         ElectricTransformer (000001B84E7561A8)
[LOG] SystemI::createSoundInternal             :         exinfo->fileoffset         = 2080
[LOG] SoundI::release                          :         ElectricTransformer (000001B84C518D38)
[LOG] SystemI::createSoundInternal             :         exinfo->numsubsounds       = 1
[LOG] SystemI::createSoundInternal             :     exinfo->inclusionlist      = 000001B93D524058
[LOG] SystemI::createSoundInternal             :     exinfo->inclusionlistnum   = 1
[LOG] SystemI::createSoundInternal             :     exinfo->suggestedsoundtype = 5
[LOG] SystemI::createSoundInternal             :     exinfo->initialseekpostype = 1
[LOG] SystemI::createSoundInternal             :     Stream 0/1: name='ElectricTransformer', format=5, channels=2, frequency=48000, lengthbytes=449312, lengthpcm=2884608, pcmblocksize=0, loopstart=0, loopend=0, mode=0x00000000, channelmask=0x00000000, channelorder=0, peakvolume=0.125000.
[LOG] AsyncThread::threadFunc                  : Finished Asynchronous operation on sound 000001B9DCF01D08
[LOG] SystemI::createSound                     : filename = ../../../SON/FMOD Proyecto Final/ProyectoFinal/Build/Desktop/Light.bank : mode 02010082
[LOG] SystemI::createSound                     : FMOD_NONBLOCKING specified.  Putting into queue to be opened asynchronously!
[LOG] AsyncThread::getAsyncThread              : index = 0 / 5
[LOG] AsyncThread::add                         : add sound to async queue : soundi = 000001B9DCF016C8, queue head = 000001B939D72E88, queue count = 0
[LOG] AsyncThread::threadFunc                  : Starting Asynchronous operation on sound 000001B9DCF016C8
[LOG] SystemI::createSoundInternal             :     Create name='../../../SON/FMOD Proyecto Final/ProyectoFinal/Build/Desktop/Light.bank', mode=0x02010082
[LOG] SystemI::createSoundInternal             :     exinfo->cbsize             = 224
[LOG] SystemI::createSoundInternal             :     exinfo->length             = 449920
[LOG] SystemI::createSoundInternal             :     exinfo->fileoffset         = 2080
[LOG] SystemI::createSoundInternal             :     exinfo->numsubsounds       = 1
[LOG] SystemI::createSoundInternal             :     exinfo->inclusionlist      = 000001B93D5257B8
[LOG] SystemI::createSoundInternal             :     exinfo->inclusionlistnum   = 1
[LOG] SystemI::createSoundInternal             :     exinfo->suggestedsoundtype = 5
[LOG] SystemI::createSoundInternal             :     exinfo->initialseekpostype = 1
[LOG] SystemI::createSoundInternal             :     Stream 0/1: name='ElectricTransformer', format=5, channels=2, frequency=48000, lengthbytes=449312, lengthpcm=2884608, pcmblocksize=0, loopstart=0, loopend=0, mode=0x00000000, channelmask=0x00000000, channelorder=0, peakvolume=0.125000.
[LOG] AsyncThread::threadFunc                  : Finished Asynchronous operation on sound 000001B9DCF016C8
[LOG] SoundI::release                          : ElectricTransformer (000001B9DCF00728)
[LOG] SoundI::release                          :     ElectricTransformer (000001B84E756328)
[LOG] SoundI::release                          :     ElectricTransformer (000001B84C518A18)
[LOG] SoundI::release                          : ElectricTransformer (000001B9DCF016C8)
[LOG] SoundI::release                          :     ElectricTransformer (000001B8FFAF0DC8)
[LOG] SoundI::release                          :     ElectricTransformer (000001B9C5002358)
[LOG] SystemI::createSound                     : filename = ../../../SON/FMOD Proyecto Final/ProyectoFinal/Build/Desktop/Light.bank : mode 02010082
[LOG] SystemI::createSound                     : FMOD_NONBLOCKING specified.  Putting into queue to be opened asynchronously!
[LOG] AsyncThread::getAsyncThread              : index = 0 / 5
[LOG] AsyncThread::add                         : add sound to async queue : soundi = 000001B84B39BFA8, queue head = 000001B939D72E88, queue count = 0
[LOG] AsyncThread::threadFunc                  : Starting Asynchronous operation on sound 000001B84B39BFA8
[LOG] SystemI::createSoundInternal             :     Create name='../../../SON/FMOD Proyecto Final/ProyectoFinal/Build/Desktop/Light.bank', mode=0x02010082
[LOG] SystemI::createSoundInternal             :     exinfo->cbsize             = 224
[LOG] SystemI::createSoundInternal             :     exinfo->length             = 449920
[LOG] SystemI::createSoundInternal             :     exinfo->fileoffset         = 2080
[LOG] SystemI::createSoundInternal             :     exinfo->numsubsounds       = 1
[LOG] SystemI::createSoundInternal             :     exinfo->inclusionlist      = 000001B93D527B78
[LOG] SystemI::createSoundInternal             :     exinfo->inclusionlistnum   = 1
[LOG] SystemI::createSoundInternal             :     exinfo->suggestedsoundtype = 5
[LOG] SystemI::createSoundInternal             :     exinfo->initialseekpostype = 1
[LOG] SystemI::createSoundInternal             :     Stream 0/1: name='ElectricTransformer', format=5, channels=2, frequency=48000, lengthbytes=449312, lengthpcm=2884608, pcmblocksize=0, loopstart=0, loopend=0, mode=0x00000000, channelmask=0x00000000, channelorder=0, peakvolume=0.125000.
[LOG] AsyncThread::threadFunc                  : Finished Asynchronous operation on sound 000001B84B39BFA8
[LOG] SoundI::release                          : ElectricTransformer (000001B84C025918)
[LOG] SoundI::release                          :     ElectricTransformer (000001B8FFAF0C48)
[LOG] SoundI::release                          :     ElectricTransformer (000001B91DF616A8)
[LOG] SystemI::createSound                     : filename = ../../../SON/FMOD Proyecto Final/ProyectoFinal/Build/Desktop/Light.bank : mode 02010082
[LOG] SystemI::createSound                     : FMOD_NONBLOCKING specified.  Putting into queue to be opened asynchronously!
[LOG] AsyncThread::getAsyncThread              : index = 0 / 5
[LOG] AsyncThread::add                         : add sound to async queue : soundi = 000001B84B39C458, queue head = 000001B939D72E88, queue count = 0
[LOG] AsyncThread::threadFunc                  : Starting Asynchronous operation on sound 000001B84B39C458
[LOG] SystemI::createSoundInternal             :     Create name='../../../SON/FMOD Proyecto Final/ProyectoFinal/Build/Desktop/Light.bank', mode=0x02010082
[LOG] SystemI::createSoundInternal             :     exinfo->cbsize             = 224
[LOG] SystemI::createSoundInternal             :     exinfo->length             = 449920
[LOG] SystemI::createSoundInternal             :     exinfo->fileoffset         = 2080
[LOG] SystemI::createSoundInternal             :     exinfo->numsubsounds       = 1
[LOG] SystemI::createSoundInternal             :     exinfo->inclusionlist      = 000001B93D524318
[LOG] SystemI::createSoundInternal             :     exinfo->inclusionlistnum   = 1
[LOG] SystemI::createSoundInternal             :     exinfo->suggestedsoundtype = 5
[LOG] SystemI::createSoundInternal             :     exinfo->initialseekpostype = 1
[LOG] SystemI::createSoundInternal             :     Stream 0/1: name='ElectricTransformer', format=5, channels=2, frequency=48000, lengthbytes=449312, lengthpcm=2884608, pcmblocksize=0, loopstart=0, loopend=0, mode=0x00000000, channelmask=0x00000000, channelorder=0, peakvolume=0.125000.
[LOG] AsyncThread::threadFunc                  : Finished Asynchronous operation on sound 000001B84B39C458
[LOG] SystemI::createSound                     : filename = ../../../SON/FMOD Proyecto Final/ProyectoFinal/Build/Desktop/Light.bank : mode 02010082
[LOG] SystemI::createSound                     : FMOD_NONBLOCKING specified.  Putting into queue to be opened asynchronously!
[LOG] AsyncThread::getAsyncThread              : index = 0 / 5
[LOG] AsyncThread::add                         : add sound to async queue : soundi = 000001B84B399A28, queue head = 000001B939D72E88, queue count = 0
[LOG] AsyncThread::threadFunc                  : Starting Asynchronous operation on sound 000001B84B399A28
[LOG] SystemI::createSoundInternal             :     Create name='../../../SON/FMOD Proyecto Final/ProyectoFinal/Build/Desktop/Light.bank', mode=0x02010082
[LOG] SystemI::createSoundInternal             :     exinfo->cbsize             = 224
[LOG] SystemI::createSoundInternal             :     exinfo->length             = 449920
[LOG] SystemI::createSoundInternal             :     exinfo->fileoffset         = 2080
[LOG] SystemI::createSoundInternal             :     exinfo->numsubsounds       = 1
[LOG] SystemI::createSoundInternal             :     exinfo->inclusionlist      = 000001B93D526C58
[LOG] SystemI::createSoundInternal             :     exinfo->inclusionlistnum   = 1
[LOG] SystemI::createSoundInternal             :     exinfo->suggestedsoundtype = 5
[LOG] SystemI::createSoundInternal             :     exinfo->initialseekpostype = 1
[LOG] SystemI::createSoundInternal             :     Stream 0/1: name='ElectricTransformer', format=5, channels=2, frequency=48000, lengthbytes=449312, lengthpcm=2884608, pcmblocksize=0, loopstart=0, loopend=0, mode=0x00000000, channelmask=0x00000000, channelorder=0, peakvolume=0.125000.
[LOG] AsyncThread::threadFunc                  : Finished Asynchronous operation on sound 000001B84B399A28
[LOG] SoundI::release                          : ElectricTransformer (000001B84B399A28)
[LOG] SoundI::release                          :     ElectricTransformer (000001B938D8DD88)
[LOG] SoundI::release                          :     ElectricTransformer (000001B93C7AAA18)
[LOG] SoundI::release                          : ElectricTransformer (000001B84B39BFA8)
[LOG] SoundI::release                          :     ElectricTransformer (000001B8FFAF0DC8)
[LOG] SoundI::release                          :     ElectricTransformer (000001B9C5000738)
[LOG] SystemI::createSound                     : filename = ../../../SON/FMOD Proyecto Final/ProyectoFinal/Build/Desktop/Light.bank : mode 02010082
[LOG] SystemI::createSound                     : FMOD_NONBLOCKING specified.  Putting into queue to be opened asynchronously!
[LOG] AsyncThread::getAsyncThread              : index = 0 / 5
[LOG] AsyncThread::add                         : add sound to async queue : soundi = 000001B84B3993E8, queue head = 000001B939D72E88, queue count = 0
[LOG] AsyncThread::threadFunc                  : Starting Asynchronous operation on sound 000001B84B3993E8
[LOG] SystemI::createSoundInternal             :     Create name='../../../SON/FMOD Proyecto Final/ProyectoFinal/Build/Desktop/Light.bank', mode=0x02010082
[LOG] SystemI::createSoundInternal             :     exinfo->cbsize             = 224
[LOG] SystemI::createSoundInternal             :     exinfo->length             = 449920
[LOG] SystemI::createSoundInternal             :     exinfo->fileoffset         = 2080
[LOG] SystemI::createSoundInternal             :     exinfo->numsubsounds       = 1
[LOG] SystemI::createSoundInternal             :     exinfo->inclusionlist      = 000001B93D528518
[LOG] SystemI::createSoundInternal             :     exinfo->inclusionlistnum   = 1
[LOG] SystemI::createSoundInternal             :     exinfo->suggestedsoundtype = 5
[LOG] SystemI::createSoundInternal             :     exinfo->initialseekpostype = 1
[LOG] SystemI::createSoundInternal             :     Stream 0/1: name='ElectricTransformer', format=5, channels=2, frequency=48000, lengthbytes=449312, lengthpcm=2884608, pcmblocksize=0, loopstart=0, loopend=0, mode=0x00000000, channelmask=0x00000000, channelorder=0, peakvolume=0.125000.
[LOG] AsyncThread::threadFunc                  : Finished Asynchronous operation on sound 000001B84B3993E8
[LOG] SystemI::createSound                     : filename = ../../../SON/FMOD Proyecto Final/ProyectoFinal/Build/Desktop/Light.bank : mode 02010082
[LOG] SystemI::createSound                     : FMOD_NONBLOCKING specified.  Putting into queue to be opened asynchronously!
[LOG] AsyncThread::getAsyncThread              : index = 0 / 5
[LOG] AsyncThread::add                         : add sound to async queue : soundi = 000001B84B39CC28, queue head = 000001B939D72E88, queue count = 0
[LOG] AsyncThread::threadFunc                  : Starting Asynchronous operation on sound 000001B84B39CC28
[LOG] SystemI::createSoundInternal             :     Create name='../../../SON/FMOD Proyecto Final/ProyectoFinal/Build/Desktop/Light.bank', mode=0x02010082
[LOG] SystemI::createSoundInternal             :     exinfo->cbsize             = 224
[LOG] SystemI::createSoundInternal             :     exinfo->length             = 449920
[LOG] SystemI::createSoundInternal             :     exinfo->fileoffset         = 2080
[LOG] SystemI::createSoundInternal             :     exinfo->numsubsounds       = 1
[LOG] SystemI::createSoundInternal             :     exinfo->inclusionlist      = 000001B93D524478
[LOG] SystemI::createSoundInternal             :     exinfo->inclusionlistnum   = 1
[LOG] SystemI::createSoundInternal             :     exinfo->suggestedsoundtype = 5
[LOG] SystemI::createSoundInternal             :     exinfo->initialseekpostype = 1
[LOG] SystemI::createSoundInternal             :     Stream 0/1: name='ElectricTransformer', format=5, channels=2, frequency=48000, lengthbytes=449312, lengthpcm=2884608, pcmblocksize=0, loopstart=0, loopend=0, mode=0x00000000, channelmask=0x00000000, channelorder=0, peakvolume=0.125000.
[LOG] AsyncThread::threadFunc                  : Finished Asynchronous operation on sound 000001B84B39CC28
[LOG] SoundI::release                          : ElectricTransformer (000001B84B39C458)
[LOG] SoundI::release                          :     ElectricTransformer (000001B938D8DF08)
[LOG] SoundI::release                          :     ElectricTransformer (000001B93C7A9F28)
[LOG] SystemI::createSound                     : filename = ../../../SON/FMOD Proyecto Final/ProyectoFinal/Build/Desktop/Light.bank : mode 02010082
[LOG] SystemI::createSound                     : FMOD_NONBLOCKING specified.  Putting into queue to be opened asynchronously!
[LOG] AsyncThread::getAsyncThread              : index = 0 / 5
[LOG] AsyncThread::add                         : add sound to async queue : soundi = 000001B84B39CA98, queue head = 000001B939D72E88, queue count = 0
[LOG] AsyncThread::threadFunc                  : Starting Asynchronous operation on sound 000001B84B39CA98
[LOG] SystemI::createSoundInternal             :     Create name='../../../SON/FMOD Proyecto Final/ProyectoFinal/Build/Desktop/Light.bank', mode=0x02010082
[LOG] SystemI::createSoundInternal             :     exinfo->cbsize             = 224
[LOG] SystemI::createSoundInternal             :     exinfo->length             = 449920
[LOG] SystemI::createSoundInternal             :     exinfo->fileoffset         = 2080
[LOG] SystemI::createSoundInternal             :     exinfo->numsubsounds       = 1
[LOG] SystemI::createSoundInternal             :     exinfo->inclusionlist      = 000001B93D524318
[LOG] SystemI::createSoundInternal             :     exinfo->inclusionlistnum   = 1
[LOG] SystemI::createSoundInternal             :     exinfo->suggestedsoundtype = 5
[LOG] SystemI::createSoundInternal             :     exinfo->initialseekpostype = 1
[LOG] SystemI::createSoundInternal             :     Stream 0/1: name='ElectricTransformer', format=5, channels=2, frequency=48000, lengthbytes=449312, lengthpcm=2884608, pcmblocksize=0, loopstart=0, loopend=0, mode=0x00000000, channelmask=0x00000000, channelorder=0, peakvolume=0.125000.
[LOG] AsyncThread::threadFunc                  : Finished Asynchronous operation on sound 000001B84B39CA98
[LOG] SoundI::release                          : ElectricTransformer (000001B84B39CC28)
[LOG] SoundI::release                          :     ElectricTransformer (000001B90654E128)
[LOG] SoundI::release                          :     ElectricTransformer (000001B93C7A7048)
[LOG] SystemI::createSound                     : filename = ../../../SON/FMOD Proyecto Final/ProyectoFinal/Build/Desktop/Light.bank : mode 02010082
[LOG] SystemI::createSound                     : FMOD_NONBLOCKING specified.  Putting into queue to be opened asynchronously!
[LOG] AsyncThread::getAsyncThread              : index = 0 / 5
[LOG] AsyncThread::add                         : add sound to async queue : soundi = 000001B84B39AE78, queue head = 000001B939D72E88, queue count = 0
[LOG] AsyncThread::threadFunc                  : Starting Asynchronous operation on sound 000001B84B39AE78
[LOG] SystemI::createSoundInternal             :     Create name='../../../SON/FMOD Proyecto Final/ProyectoFinal/Build/Desktop/Light.bank', mode=0x02010082
[LOG] SystemI::createSoundInternal             :     exinfo->cbsize             = 224
[LOG] SystemI::createSoundInternal             :     exinfo->length             = 449920
[LOG] SystemI::createSoundInternal             :     exinfo->fileoffset         = 2080
[LOG] SystemI::createSoundInternal             :     exinfo->numsubsounds       = 1
[LOG] SystemI::createSoundInternal             :     exinfo->inclusionlist      = 000001B93D525E98
[LOG] SystemI::createSoundInternal             :     exinfo->inclusionlistnum   = 1
[LOG] SystemI::createSoundInternal             :     exinfo->suggestedsoundtype = 5
[LOG] SystemI::createSoundInternal             :     exinfo->initialseekpostype = 1
[LOG] SystemI::createSoundInternal             :     Stream 0/1: name='ElectricTransformer', format=5, channels=2, frequency=48000, lengthbytes=449312, lengthpcm=2884608, pcmblocksize=0, loopstart=0, loopend=0, mode=0x00000000, channelmask=0x00000000, channelorder=0, peakvolume=0.125000.
[LOG] AsyncThread::threadFunc                  : Finished Asynchronous operation on sound 000001B84B39AE78
[LOG] SoundI::release                          : ElectricTransformer (000001B84B39CA98)
[LOG] SoundI::release                          :     ElectricTransformer (000001B938D8DF08)
[LOG] SoundI::release                          :     ElectricTransformer (000001B93C7AA0B8)
[LOG] SystemI::createSound                     : filename = ../../../SON/FMOD Proyecto Final/ProyectoFinal/Build/Desktop/Light.bank : mode 02010082
[LOG] SystemI::createSound                     : FMOD_NONBLOCKING specified.  Putting into queue to be opened asynchronously!
[LOG] AsyncThread::getAsyncThread              : index = 0 / 5
[LOG] AsyncThread::add                         : add sound to async queue : soundi = 000001B84B399ED8, queue head = 000001B939D72E88, queue count = 0
[LOG] AsyncThread::threadFunc                  : Starting Asynchronous operation on sound 000001B84B399ED8
[LOG] SystemI::createSoundInternal             :     Create name='../../../SON/FMOD Proyecto Final/ProyectoFinal/Build/Desktop/Light.bank', mode=0x02010082
[LOG] SystemI::createSoundInternal             :     exinfo->cbsize             = 224
[LOG] SystemI::createSoundInternal             :     exinfo->length             = 449920
[LOG] SystemI::createSoundInternal             :     exinfo->fileoffset         = 2080
[LOG] SystemI::createSoundInternal             :     exinfo->numsubsounds       = 1
[LOG] SystemI::createSoundInternal             :     exinfo->inclusionlist      = 000001B93D524F78
[LOG] SystemI::createSoundInternal             :     exinfo->inclusionlistnum   = 1
[LOG] SystemI::createSoundInternal             :     exinfo->suggestedsoundtype = 5
[LOG] SystemI::createSoundInternal             :     exinfo->initialseekpostype = 1
[LOG] SystemI::createSoundInternal             :     Stream 0/1: name='ElectricTransformer', format=5, channels=2, frequency=48000, lengthbytes=449312, lengthpcm=2884608, pcmblocksize=0, loopstart=0, loopend=0, mode=0x00000000, channelmask=0x00000000, channelorder=0, peakvolume=0.125000.
[LOG] AsyncThread::threadFunc                  : Finished Asynchronous operation on sound 000001B84B399ED8
[LOG] SoundI::release                          : ElectricTransformer (000001B84B39AE78)
[LOG] SoundI::release                          :     ElectricTransformer (000001B90654E128)
[LOG] SoundI::release                          :     ElectricTransformer (000001B93C7A9C08)
[LOG] SystemI::createSound                     : filename = ../../../SON/FMOD Proyecto Final/ProyectoFinal/Build/Desktop/Light.bank : mode 02010082
[LOG] SystemI::createSound                     : FMOD_NONBLOCKING specified.  Putting into queue to be opened asynchronously!
[LOG] AsyncThread::getAsyncThread              : index = 0 / 5
[LOG] AsyncThread::add                         : add sound to async queue : soundi = 000001B84B399A28, queue head = 000001B939D72E88, queue count = 0
[LOG] AsyncThread::threadFunc                  : Starting Asynchronous operation on sound 000001B84B399A28
[LOG] SystemI::createSoundInternal             :     Create name='../../../SON/FMOD Proyecto Final/ProyectoFinal/Build/Desktop/Light.bank', mode=0x02010082
[LOG] SystemI::createSoundInternal             :     exinfo->cbsize             = 224
[LOG] SystemI::createSoundInternal             :     exinfo->length             = 449920
[LOG] SystemI::createSoundInternal             :     exinfo->fileoffset         = 2080
[LOG] SystemI::createSoundInternal             :     exinfo->numsubsounds       = 1
[LOG] SystemI::createSoundInternal             :     exinfo->inclusionlist      = 000001B93D527B78
[LOG] SystemI::createSoundInternal             :     exinfo->inclusionlistnum   = 1
[LOG] SystemI::createSoundInternal             :     exinfo->suggestedsoundtype = 5
[LOG] SystemI::createSoundInternal             :     exinfo->initialseekpostype = 1
[LOG] SystemI::createSoundInternal             :     Stream 0/1: name='ElectricTransformer', format=5, channels=2, frequency=48000, lengthbytes=449312, lengthpcm=2884608, pcmblocksize=0, loopstart=0, loopend=0, mode=0x00000000, channelmask=0x00000000, channelorder=0, peakvolume=0.125000.
[LOG] AsyncThread::threadFunc                  : Finished Asynchronous operation on sound 000001B84B399A28
[LOG] SoundI::release                          : ElectricTransformer (000001B84B3993E8)
[LOG] SoundI::release                          :     ElectricTransformer (000001B938D8DD88)
[LOG] SoundI::release                          :     ElectricTransformer (000001B93C7A8178)
[LOG] SystemI::createSound                     : filename = ../../../SON/FMOD Proyecto Final/ProyectoFinal/Build/Desktop/Light.bank : mode 02010082
[LOG] SystemI::createSound                     : FMOD_NONBLOCKING specified.  Putting into queue to be opened asynchronously!
[LOG] AsyncThread::getAsyncThread              : index = 0 / 5
[LOG] AsyncThread::add                         : add sound to async queue : soundi = 000001B84C025918, queue head = 000001B939D72E88, queue count = 0
[LOG] AsyncThread::threadFunc                  : Starting Asynchronous operation on sound 000001B84C025918
[LOG] SystemI::createSoundInternal             :     Create name='../../../SON/FMOD Proyecto Final/ProyectoFinal/Build/Desktop/Light.bank', mode=0x02010082
[LOG] SystemI::createSoundInternal             :     exinfo->cbsize             = 224
[LOG] SystemI::createSoundInternal             :     exinfo->length             = 449920
[LOG] SystemI::createSoundInternal             :     exinfo->fileoffset         = 2080
[LOG] SystemI::createSoundInternal             :     exinfo->numsubsounds       = 1
[LOG] SystemI::createSoundInternal             :     exinfo->inclusionlist      = 000001B93D526C58
[LOG] SystemI::createSoundInternal             :     exinfo->inclusionlistnum   = 1
[LOG] SystemI::createSoundInternal             :     exinfo->suggestedsoundtype = 5
[LOG] SystemI::createSoundInternal             :     exinfo->initialseekpostype = 1
[LOG] SystemI::createSoundInternal             :     Stream 0/1: name='ElectricTransformer', format=5, channels=2, frequency=48000, lengthbytes=449312, lengthpcm=2884608, pcmblocksize=0, loopstart=0, loopend=0, mode=0x00000000, channelmask=0x00000000, channelorder=0, peakvolume=0.125000.
[LOG] AsyncThread::threadFunc                  : Finished Asynchronous operation on sound 000001B84C025918
[LOG] SystemI::createSound                     : filename = ../../../SON/FMOD Proyecto Final/ProyectoFinal/Build/Desktop/Light.bank : mode 02010082
[LOG] SystemI::createSound                     : FMOD_NONBLOCKING specified.  Putting into queue to be opened asynchronously!
[LOG] AsyncThread::getAsyncThread              : index = 0 / 5
[LOG] AsyncThread::add                         : add sound to async queue : soundi = 000001B84C024FB8, queue head = 000001B939D72E88, queue count = 0
[LOG] AsyncThread::threadFunc                  : Starting Asynchronous operation on sound 000001B84C024FB8
[LOG] SystemI::createSoundInternal             :     Create name='../../../SON/FMOD Proyecto Final/ProyectoFinal/Build/Desktop/Light.bank', mode=0x02010082
[LOG] SystemI::createSoundInternal             :     exinfo->cbsize             = 224
[LOG] SystemI::createSoundInternal             :     exinfo->length             = 449920
[LOG] SystemI::createSoundInternal             :     exinfo->fileoffset         = 2080
[LOG] SystemI::createSoundInternal             :     exinfo->numsubsounds       = 1
[LOG] SystemI::createSoundInternal             :     exinfo->inclusionlist      = 000001B93D526838
[LOG] SystemI::createSoundInternal             :     exinfo->inclusionlistnum   = 1
[LOG] SystemI::createSoundInternal             :     exinfo->suggestedsoundtype = 5
[LOG] SystemI::createSoundInternal             :     exinfo->initialseekpostype = 1
[LOG] SystemI::createSoundInternal             :     Stream 0/1: name='ElectricTransformer', format=5, channels=2, frequency=48000, lengthbytes=449312, lengthpcm=2884608, pcmblocksize=0, loopstart=0, loopend=0, mode=0x00000000, channelmask=0x00000000, channelorder=0, peakvolume=0.125000.
[LOG] AsyncThread::threadFunc                  : Finished Asynchronous operation on sound 000001B84C024FB8
[LOG] SoundI::release                          : ElectricTransformer (000001B84B399ED8)
[LOG] SoundI::release                          :     ElectricTransformer (000001B84F338718)
[LOG] SoundI::release                          :     ElectricTransformer (000001B84C024C98)
[LOG] SoundI::release                          : ElectricTransformer (000001B84C025918)
[LOG] SoundI::release                          :     ElectricTransformer (000001B84E755BA8)
[LOG] SoundI::release                          :     ElectricTransformer (000001B9C5591408)
[LOG] SoundI::release                          : ElectricTransformer (000001B9DCF01D08)
[LOG] SoundI::release                          :     ElectricTransformer (000001B84E7555A8)
[LOG] SoundI::release                          :     ElectricTransformer (000001B84C5199B8)
[LOG] SystemI::createSound                     : filename = ../../../SON/FMOD Proyecto Final/ProyectoFinal/Build/Desktop/Light.bank : mode 02010082
[LOG] SystemI::createSound                     : FMOD_NONBLOCKING specified.  Putting into queue to be opened asynchronously!
[LOG] AsyncThread::getAsyncThread              : index = 0 / 5
[LOG] AsyncThread::add                         : add sound to async queue : soundi = 000001B84C024C98, queue head = 000001B939D72E88, queue count = 0
[LOG] AsyncThread::threadFunc                  : Starting Asynchronous operation on sound 000001B84C024C98
[LOG] SystemI::createSoundInternal             :     Create name='../../../SON/FMOD Proyecto Final/ProyectoFinal/Build/Desktop/Light.bank', mode=0x02010082
[LOG] SystemI::createSoundInternal             :     exinfo->cbsize             = 224
[LOG] SystemI::createSoundInternal             :     exinfo->length             = 449920
[LOG] SystemI::createSoundInternal             :     exinfo->fileoffset         = 2080
[LOG] SystemI::createSoundInternal             :     exinfo->numsubsounds       = 1
[LOG] SystemI::createSoundInternal             :     exinfo->inclusionlist      = 000001B93D5250D8
[LOG] SystemI::createSoundInternal             :     exinfo->inclusionlistnum   = 1
[LOG] SystemI::createSoundInternal             :     exinfo->suggestedsoundtype = 5
[LOG] SystemI::createSoundInternal             :     exinfo->initialseekpostype = 1
[LOG] SystemI::createSoundInternal             :     Stream 0/1: name='ElectricTransformer', format=5, channels=2, frequency=48000, lengthbytes=449312, lengthpcm=2884608, pcmblocksize=0, loopstart=0, loopend=0, mode=0x00000000, channelmask=0x00000000, channelorder=0, peakvolume=0.125000.
[LOG] AsyncThread::threadFunc                  : Finished Asynchronous operation on sound 000001B84C024C98
[LOG] SoundI::release                          : ElectricTransformer (000001B84C024C98)
[LOG] SoundI::release                          :     ElectricTransformer (000001B8FF52FAA8)
[LOG] SoundI::release                          :     ElectricTransformer (000001B84B39BFA8)
[LOG] SoundI::release                          : ElectricTransformer (000001B84C024FB8)
[LOG] SoundI::release                          :     ElectricTransformer (000001B8FF52FDA8)
[LOG] SoundI::release                          :     ElectricTransformer (000001B84B39B198)
[LOG] SystemI::createSound                     : filename = ../../../SON/FMOD Proyecto Final/ProyectoFinal/Build/Desktop/Light.bank : mode 02010082
[LOG] SystemI::createSound                     : FMOD_NONBLOCKING specified.  Putting into queue to be opened asynchronously!
[LOG] AsyncThread::getAsyncThread              : index = 0 / 5
[LOG] AsyncThread::add                         : add sound to async queue : soundi = 000001B9C4FFF928, queue head = 000001B939D72E88, queue count = 0
[LOG] AsyncThread::threadFunc                  : Starting Asynchronous operation on sound 000001B9C4FFF928
[LOG] SystemI::createSoundInternal             :     Create name='../../../SON/FMOD Proyecto Final/ProyectoFinal/Build/Desktop/Light.bank', mode=0x02010082
[LOG] SystemI::createSoundInternal             :     exinfo->cbsize             = 224
[LOG] SystemI::createSoundInternal             :     exinfo->length             = 449920
[LOG] SystemI::createSoundInternal             :     exinfo->fileoffset         = 2080
[LOG] SystemI::createSoundInternal             :     exinfo->numsubsounds       = 1
[LOG] SystemI::createSoundInternal             :     exinfo->inclusionlist      = 000001B93D528518
[LOG] SystemI::createSoundInternal             :     exinfo->inclusionlistnum   = 1
[LOG] SystemI::createSoundInternal             :     exinfo->suggestedsoundtype = 5
[LOG] SystemI::createSoundInternal             :     exinfo->initialseekpostype = 1
[LOG] SystemI::createSoundInternal             :     Stream 0/1: name='ElectricTransformer', format=5, channels=2, frequency=48000, lengthbytes=449312, lengthpcm=2884608, pcmblocksize=0, loopstart=0, loopend=0, mode=0x00000000, channelmask=0x00000000, channelorder=0, peakvolume=0.125000.
[LOG] AsyncThread::threadFunc                  : Finished Asynchronous operation on sound 000001B9C4FFF928
[LOG] SystemI::createSound                     : filename = ../../../SON/FMOD Proyecto Final/ProyectoFinal/Build/Desktop/Light.bank : mode 02010082
[LOG] SystemI::createSound                     : FMOD_NONBLOCKING specified.  Putting into queue to be opened asynchronously!
[LOG] AsyncThread::getAsyncThread              : index = 0 / 5
[LOG] AsyncThread::add                         : add sound to async queue : soundi = 000001B9C4FFFAB8, queue head = 000001B939D72E88, queue count = 0
[LOG] AsyncThread::threadFunc                  : Starting Asynchronous operation on sound 000001B9C4FFFAB8
[LOG] SystemI::createSoundInternal             :     Create name='../../../SON/FMOD Proyecto Final/ProyectoFinal/Build/Desktop/Light.bank', mode=0x02010082
[LOG] SystemI::createSoundInternal             :     exinfo->cbsize             = 224
[LOG] SystemI::createSoundInternal             :     exinfo->length             = 449920
[LOG] SystemI::createSoundInternal             :     exinfo->fileoffset         = 2080
[LOG] SystemI::createSoundInternal             :     exinfo->numsubsounds       = 1
[LOG] SystemI::createSoundInternal             :     exinfo->inclusionlist      = 000001B93D524318
[LOG] SystemI::createSoundInternal             :     exinfo->inclusionlistnum   = 1
[LOG] SystemI::createSoundInternal             :     exinfo->suggestedsoundtype = 5
[LOG] SystemI::createSoundInternal             :     exinfo->initialseekpostype = 1
[LOG] SystemI::createSoundInternal             :     Stream 0/1: name='ElectricTransformer', format=5, channels=2, frequency=48000, lengthbytes=449312, lengthpcm=2884608, pcmblocksize=0, loopstart=0, loopend=0, mode=0x00000000, channelmask=0x00000000, channelorder=0, peakvolume=0.125000.
[LOG] AsyncThread::threadFunc                  : Finished Asynchronous operation on sound 000001B9C4FFFAB8
[LOG] SoundI::release                          : ElectricTransformer (000001B84B399A28)
[LOG] SoundI::release                          :     ElectricTransformer (000001B84F338898)
[LOG] SoundI::release                          :     ElectricTransformer (000001B84C024E28)
[LOG] SystemI::createSound                     : filename = ../../../SON/FMOD Proyecto Final/ProyectoFinal/Build/Desktop/Light.bank : mode 02010082
[LOG] SystemI::createSound                     : FMOD_NONBLOCKING specified.  Putting into queue to be opened asynchronously!
[LOG] AsyncThread::getAsyncThread              : index = 0 / 5
[LOG] AsyncThread::add                         : add sound to async queue : soundi = 000001B9C5000738, queue head = 000001B939D72E88, queue count = 0
[LOG] AsyncThread::threadFunc                  : Starting Asynchronous operation on sound 000001B9C5000738
[LOG] SystemI::createSoundInternal             :     Create name='../../../SON/FMOD Proyecto Final/ProyectoFinal/Build/Desktop/Light.bank', mode=0x02010082
[LOG] SystemI::createSoundInternal             :     exinfo->cbsize             = 224
[LOG] SystemI::createSoundInternal             :     exinfo->length             = 449920
[LOG] SystemI::createSoundInternal             :     exinfo->fileoffset         = 2080
[LOG] SystemI::createSoundInternal             :     exinfo->numsubsounds       = 1
[LOG] SystemI::createSoundInternal             :     exinfo->inclusionlist      = 000001B93D527B78
[LOG] SystemI::createSoundInternal             :     exinfo->inclusionlistnum   = 1
[LOG] SystemI::createSoundInternal             :     exinfo->suggestedsoundtype = 5
[LOG] SystemI::createSoundInternal             :     exinfo->initialseekpostype = 1
[LOG] SystemI::createSoundInternal             :     Stream 0/1: name='ElectricTransformer', format=5, channels=2, frequency=48000, lengthbytes=449312, lengthpcm=2884608, pcmblocksize=0, loopstart=0, loopend=0, mode=0x00000000, channelmask=0x00000000, channelorder=0, peakvolume=0.125000.
[LOG] AsyncThread::threadFunc                  : Finished Asynchronous operation on sound 000001B9C5000738
[LOG] SystemI::createSound                     : filename = ../../../SON/FMOD Proyecto Final/ProyectoFinal/Build/Desktop/Light.bank : mode 02010082
[LOG] SystemI::createSound                     : FMOD_NONBLOCKING specified.  Putting into queue to be opened asynchronously!
[LOG] AsyncThread::getAsyncThread              : index = 0 / 5
[LOG] AsyncThread::add                         : add sound to async queue : soundi = 000001B9C4FFE7F8, queue head = 000001B939D72E88, queue count = 0
[LOG] AsyncThread::threadFunc                  : Starting Asynchronous operation on sound 000001B9C4FFE7F8
[LOG] SystemI::createSoundInternal             :     Create name='../../../SON/FMOD Proyecto Final/ProyectoFinal/Build/Desktop/Light.bank', mode=0x02010082
[LOG] SystemI::createSoundInternal             :     exinfo->cbsize             = 224
[LOG] SystemI::createSoundInternal             :     exinfo->length             = 449920
[LOG] SystemI::createSoundInternal             :     exinfo->fileoffset         = 2080
[LOG] SystemI::createSoundInternal             :     exinfo->numsubsounds       = 1
[LOG] SystemI::createSoundInternal             :     exinfo->inclusionlist      = 000001B93D526158
[LOG] SystemI::createSoundInternal             :     exinfo->inclusionlistnum   = 1
[LOG] SystemI::createSoundInternal             :     exinfo->suggestedsoundtype = 5
[LOG] SystemI::createSoundInternal             :     exinfo->initialseekpostype = 1
[LOG] SystemI::createSoundInternal             :     Stream 0/1: name='ElectricTransformer', format=5, channels=2, frequency=48000, lengthbytes=449312, lengthpcm=2884608, pcmblocksize=0, loopstart=0, loopend=0, mode=0x00000000, channelmask=0x00000000, channelorder=0, peakvolume=0.125000.
[LOG] AsyncThread::threadFunc                  : Finished Asynchronous operation on sound 000001B9C4FFE7F8
[LOG] SystemI::createSound                     : filename = ../../../SON/FMOD Proyecto Final/ProyectoFinal/Build/Desktop/Light.bank : mode 02010082
[LOG] SystemI::createSound                     : FMOD_NONBLOCKING specified.  Putting into queue to be opened asynchronously!
[LOG] AsyncThread::getAsyncThread              : index = 0 / 5
[LOG] AsyncThread::add                         : add sound to async queue : soundi = 000001B9C4FFFF68, queue head = 000001B939D72E88, queue count = 0
[LOG] AsyncThread::threadFunc                  : Starting Asynchronous operation on sound 000001B9C4FFFF68
[LOG] SystemI::createSoundInternal             :     Create name='../../../SON/FMOD Proyecto Final/ProyectoFinal/Build/Desktop/Light.bank', mode=0x02010082
[LOG] SystemI::createSoundInternal             :     exinfo->cbsize             = 224
[LOG] SystemI::createSoundInternal             :     exinfo->length             = 449920
[LOG] SystemI::createSoundInternal             :     exinfo->fileoffset         = 2080
[LOG] SystemI::createSoundInternal             :     exinfo->numsubsounds       = 1
[LOG] SystemI::createSoundInternal             :     exinfo->inclusionlist      = 000001B93D528938
[LOG] SystemI::createSoundInternal             :     exinfo->inclusionlistnum   = 1
[LOG] SystemI::createSoundInternal             :     exinfo->suggestedsoundtype = 5
[LOG] SystemI::createSoundInternal             :     exinfo->initialseekpostype = 1
[LOG] SystemI::createSoundInternal             :     Stream 0/1: name='ElectricTransformer', format=5, channels=2, frequency=48000, lengthbytes=449312, lengthpcm=2884608, pcmblocksize=0, loopstart=0, loopend=0, mode=0x00000000, channelmask=0x00000000, channelorder=0, peakvolume=0.125000.
[LOG] AsyncThread::threadFunc                  : Finished Asynchronous operation on sound 000001B9C4FFFF68
[LOG] SoundI::release                          : ElectricTransformer (000001B9C4FFE7F8)
[LOG] SoundI::release                          :     ElectricTransformer (000001B93CBCB238)
[LOG] SoundI::release                          :     ElectricTransformer (000001B939D72248)
[LOG] SystemI::createSound                     : filename = ../../../SON/FMOD Proyecto Final/ProyectoFinal/Build/Desktop/Light.bank : mode 02010082
[LOG] SystemI::createSound                     : FMOD_NONBLOCKING specified.  Putting into queue to be opened asynchronously!
[LOG] AsyncThread::getAsyncThread              : index = 0 / 5
[LOG] AsyncThread::add                         : add sound to async queue : soundi = 000001B9C5002038, queue head = 000001B939D72E88, queue count = 0
[LOG] AsyncThread::threadFunc                  : Starting Asynchronous operation on sound 000001B9C5002038
[LOG] SystemI::createSoundInternal             :     Create name='../../../SON/FMOD Proyecto Final/ProyectoFinal/Build/Desktop/Light.bank', mode=0x02010082
[LOG] SystemI::createSoundInternal             :     exinfo->cbsize             = 224
[LOG] SystemI::createSoundInternal             :     exinfo->length             = 449920
[LOG] SystemI::createSoundInternal             :     exinfo->fileoffset         = 2080
[LOG] SystemI::createSoundInternal             :     exinfo->numsubsounds       = 1
[LOG] SystemI::createSoundInternal             :     exinfo->inclusionlist      = 000001B93D524058
[LOG] SystemI::createSoundInternal             :     exinfo->inclusionlistnum   = 1
[LOG] SystemI::createSoundInternal             :     exinfo->suggestedsoundtype = 5
[LOG] SystemI::createSoundInternal             :     exinfo->initialseekpostype = 1
[LOG] SystemI::createSoundInternal             :     Stream 0/1: name='ElectricTransformer', format=5, channels=2, frequency=48000, lengthbytes=449312, lengthpcm=2884608, pcmblocksize=0, loopstart=0, loopend=0, mode=0x00000000, channelmask=0x00000000, channelorder=0, peakvolume=0.125000.
[LOG] AsyncThread::threadFunc                  : Finished Asynchronous operation on sound 000001B9C5002038
[LOG] SoundI::release                          : ElectricTransformer (000001B9C4FFFF68)
[LOG] SoundI::release                          :     ElectricTransformer (000001B93CBCBB38)
[LOG] SoundI::release                          :     ElectricTransformer (000001B939D73FF8)
[LOG] SoundI::release                          : ElectricTransformer (000001B9C4FFFAB8)
[LOG] SoundI::release                          :     ElectricTransformer (000001B93CBCB0B8)
[LOG] SoundI::release                          :     ElectricTransformer (000001B939D723D8)
[LOG] SoundI::release                          : ElectricTransformer (000001B9C5002038)
[LOG] SoundI::release                          :     ElectricTransformer (000001B93CBCBCB8)
[LOG] SoundI::release                          :     ElectricTransformer (000001B939D71A78)
[LOG] SystemI::createSoundInternal             : Create name='', mode=0x02000202
[LOG] SystemI::createSoundInternal             : exinfo->cbsize             = 224
[LOG] SystemI::createSoundInternal             : exinfo->length             = 263776
[LOG] SystemI::createSoundInternal             : exinfo->fileoffset         = 10592
[LOG] SystemI::createSoundInternal             : exinfo->numsubsounds       = 1
[LOG] SystemI::createSoundInternal             : exinfo->inclusionlist      = 0000007BF064F188
[LOG] SystemI::createSoundInternal             : exinfo->inclusionlistnum   = 1
[LOG] SystemI::createSoundInternal             : exinfo->suggestedsoundtype = 5
[LOG] SystemI::createSoundInternal             : exinfo->useropen           = 00007FFBA013D530
[LOG] SystemI::createSoundInternal             : exinfo->userclose          = 00007FFBA013D4F0
[LOG] SystemI::createSoundInternal             : exinfo->userread           = 00007FFBA013D610
[LOG] SystemI::createSoundInternal             : exinfo->userseek           = 00007FFBA013D6D0
[LOG] SystemI::createSoundInternal             : exinfo->fileuserdata       = 000001B84B500758
[LOG] SystemI::createSoundInternal             : exinfo->initialseekpostype = 1
[LOG] SystemI::DSPCodecPoolRegister            : register codec pool for pool type 4
[LOG] SystemI::createSoundInternal             : Sample 0/1: name='Zombie2', format=5, channels=2, frequency=48000, lengthbytes=51936, lengthpcm=258048, pcmblocksize=0, loopstart=0, loopend=0, mode=0x00000000, channelmask=0x00000000, channelorder=0, peakvolume=0.700684.
[LOG] SystemI::createSoundInternal             : Create name='', mode=0x02000202
[LOG] SystemI::createSoundInternal             : exinfo->cbsize             = 224
[LOG] SystemI::createSoundInternal             : exinfo->length             = 263776
[LOG] SystemI::createSoundInternal             : exinfo->fileoffset         = 10592
[LOG] SystemI::createSoundInternal             : exinfo->numsubsounds       = 1
[LOG] SystemI::createSoundInternal             : exinfo->inclusionlist      = 0000007BF064F188
[LOG] SystemI::createSoundInternal             : exinfo->inclusionlistnum   = 1
[LOG] SystemI::createSoundInternal             : exinfo->suggestedsoundtype = 5
[LOG] SystemI::createSoundInternal             : exinfo->useropen           = 00007FFBA013D530
[LOG] SystemI::createSoundInternal             : exinfo->userclose          = 00007FFBA013D4F0
[LOG] SystemI::createSoundInternal             : exinfo->userread           = 00007FFBA013D610
[LOG] SystemI::createSoundInternal             : exinfo->userseek           = 00007FFBA013D6D0
[LOG] SystemI::createSoundInternal             : exinfo->fileuserdata       = 000001B84B500758
[LOG] SystemI::createSoundInternal             : exinfo->initialseekpostype = 1
[LOG] SystemI::DSPCodecPoolRegister            : register codec pool for pool type 4
[LOG] SystemI::createSoundInternal             : Sample 0/1: name='SpawnPoop', format=5, channels=1, frequency=48000, lengthbytes=11872, lengthpcm=60186, pcmblocksize=0, loopstart=0, loopend=0, mode=0x00000000, channelmask=0x00000000, channelorder=0, peakvolume=0.155914.
[LOG] SystemI::createSoundInternal             : Create name='', mode=0x02000202
[LOG] SystemI::createSoundInternal             : exinfo->cbsize             = 224
[LOG] SystemI::createSoundInternal             : exinfo->length             = 263776
[LOG] SystemI::createSoundInternal             : exinfo->fileoffset         = 10592
[LOG] SystemI::createSoundInternal             : exinfo->numsubsounds       = 1
[LOG] SystemI::createSoundInternal             : exinfo->inclusionlist      = 0000007BF064F188
[LOG] SystemI::createSoundInternal             : exinfo->inclusionlistnum   = 1
[LOG] SystemI::createSoundInternal             : exinfo->suggestedsoundtype = 5
[LOG] SystemI::createSoundInternal             : exinfo->useropen           = 00007FFBA013D530
[LOG] SystemI::createSoundInternal             : exinfo->userclose          = 00007FFBA013D4F0
[LOG] SystemI::createSoundInternal             : exinfo->userread           = 00007FFBA013D610
[LOG] SystemI::createSoundInternal             : exinfo->userseek           = 00007FFBA013D6D0
[LOG] SystemI::createSoundInternal             : exinfo->fileuserdata       = 000001B84B500758
[LOG] SystemI::createSoundInternal             : exinfo->initialseekpostype = 1
[LOG] SystemI::DSPCodecPoolRegister            : register codec pool for pool type 4
[LOG] SystemI::createSoundInternal             : Sample 0/1: name='Zombie1', format=5, channels=1, frequency=48000, lengthbytes=30240, lengthpcm=183066, pcmblocksize=0, loopstart=0, loopend=0, mode=0x00000000, channelmask=0x00000000, channelorder=0, peakvolume=0.400360.
[LOG] SystemI::createSoundInternal             : Create name='', mode=0x02000202
[LOG] SystemI::createSoundInternal             : exinfo->cbsize             = 224
[LOG] SystemI::createSoundInternal             : exinfo->length             = 263776
[LOG] SystemI::createSoundInternal             : exinfo->fileoffset         = 10592
[LOG] SystemI::createSoundInternal             : exinfo->numsubsounds       = 1
[LOG] SystemI::createSoundInternal             : exinfo->inclusionlist      = 0000007BF064F188
[LOG] SystemI::createSoundInternal             : exinfo->inclusionlistnum   = 1
[LOG] SystemI::createSoundInternal             : exinfo->suggestedsoundtype = 5
[LOG] SystemI::createSoundInternal             : exinfo->useropen           = 00007FFBA013D530
[LOG] SystemI::createSoundInternal             : exinfo->userclose          = 00007FFBA013D4F0
[LOG] SystemI::createSoundInternal             : exinfo->userread           = 00007FFBA013D610
[LOG] SystemI::createSoundInternal             : exinfo->userseek           = 00007FFBA013D6D0
[LOG] SystemI::createSoundInternal             : exinfo->fileuserdata       = 000001B84B500758
[LOG] SystemI::createSoundInternal             : exinfo->initialseekpostype = 1
[LOG] SystemI::DSPCodecPoolRegister            : register codec pool for pool type 4
[LOG] SystemI::createSoundInternal             : Sample 0/1: name='Zombie4', format=5, channels=2, frequency=48000, lengthbytes=21504, lengthpcm=87552, pcmblocksize=0, loopstart=0, loopend=0, mode=0x00000000, channelmask=0x00000000, channelorder=0, peakvolume=0.859741.
[LOG] SystemI::createSoundInternal             : Create name='', mode=0x02000202
[LOG] SystemI::createSoundInternal             : exinfo->cbsize             = 224
[LOG] SystemI::createSoundInternal             : exinfo->length             = 263776
[LOG] SystemI::createSoundInternal             : exinfo->fileoffset         = 10592
[LOG] SystemI::createSoundInternal             : exinfo->numsubsounds       = 1
[LOG] SystemI::createSoundInternal             : exinfo->inclusionlist      = 0000007BF064F188
[LOG] SystemI::createSoundInternal             : exinfo->inclusionlistnum   = 1
[LOG] SystemI::createSoundInternal             : exinfo->suggestedsoundtype = 5
[LOG] SystemI::createSoundInternal             : exinfo->useropen           = 00007FFBA013D530
[LOG] SystemI::createSoundInternal             : exinfo->userclose          = 00007FFBA013D4F0
[LOG] SystemI::createSoundInternal             : exinfo->userread           = 00007FFBA013D610
[LOG] SystemI::createSoundInternal             : exinfo->userseek           = 00007FFBA013D6D0
[LOG] SystemI::createSoundInternal             : exinfo->fileuserdata       = 000001B84B500758
[LOG] SystemI::createSoundInternal             : exinfo->initialseekpostype = 1
[LOG] SystemI::DSPCodecPoolRegister            : register codec pool for pool type 4
[LOG] SystemI::createSoundInternal             : Sample 0/1: name='Zombie3', format=5, channels=2, frequency=48000, lengthbytes=53152, lengthpcm=263808, pcmblocksize=0, loopstart=0, loopend=0, mode=0x00000000, channelmask=0x00000000, channelorder=0, peakvolume=0.141815.
[LOG] SoundI::release                          : ElectricTransformer (000001B9C5000738)
[LOG] SoundI::release                          :     ElectricTransformer (000001B93CBCBE38)
[LOG] SoundI::release                          :     ElectricTransformer (000001B939D75768)
[LOG] SystemI::createSound                     : filename = ../../../SON/FMOD Proyecto Final/ProyectoFinal/Build/Desktop/Light.bank : mode 02010082
[LOG] SystemI::createSound                     : FMOD_NONBLOCKING specified.  Putting into queue to be opened asynchronously!
[LOG] AsyncThread::getAsyncThread              : index = 0 / 5
[LOG] AsyncThread::add                         : add sound to async queue : soundi = 000001B9C9933388, queue head = 000001B939D72E88, queue count = 0
[LOG] AsyncThread::threadFunc                  : Starting Asynchronous operation on sound 000001B9C9933388
[LOG] SystemI::createSoundInternal             :     Create name='../../../SON/FMOD Proyecto Final/ProyectoFinal/Build/Desktop/Light.bank', mode=0x02010082
[LOG] SystemI::createSoundInternal             :     exinfo->cbsize             = 224
[LOG] SystemI::createSoundInternal             :     exinfo->length             = 449920
[LOG] SystemI::createSoundInternal             :     exinfo->fileoffset         = 2080
[LOG] SystemI::createSoundInternal             :     exinfo->numsubsounds       = 1
[LOG] SystemI::createSoundInternal             :     exinfo->inclusionlist      = 000001B93D5249F8
[LOG] SystemI::createSoundInternal             :     exinfo->inclusionlistnum   = 1
[LOG] SystemI::createSoundInternal             :     exinfo->suggestedsoundtype = 5
[LOG] SystemI::createSoundInternal             :     exinfo->initialseekpostype = 1
[LOG] SystemI::createSoundInternal             :     Stream 0/1: name='ElectricTransformer', format=5, channels=2, frequency=48000, lengthbytes=449312, lengthpcm=2884608, pcmblocksize=0, loopstart=0, loopend=0, mode=0x00000000, channelmask=0x00000000, channelorder=0, peakvolume=0.125000.
[LOG] AsyncThread::threadFunc                  : Finished Asynchronous operation on sound 000001B9C9933388
[LOG] SystemI::createSoundInternal             : Create name='', mode=0x02000202
[LOG] SystemI::createSoundInternal             : exinfo->cbsize             = 224
[LOG] SystemI::createSoundInternal             : exinfo->length             = 230784
[LOG] SystemI::createSoundInternal             : exinfo->fileoffset         = 14464
[LOG] SystemI::createSoundInternal             : exinfo->numsubsounds       = 1
[LOG] SystemI::createSoundInternal             : exinfo->inclusionlist      = 0000007BF064F188
[LOG] SystemI::createSoundInternal             : exinfo->inclusionlistnum   = 1
[LOG] SystemI::createSoundInternal             : exinfo->suggestedsoundtype = 5
[LOG] SystemI::createSoundInternal             : exinfo->useropen           = 00007FFBA013D530
[LOG] SystemI::createSoundInternal             : exinfo->userclose          = 00007FFBA013D4F0
[LOG] SystemI::createSoundInternal             : exinfo->userread           = 00007FFBA013D610
[LOG] SystemI::createSoundInternal             : exinfo->userseek           = 00007FFBA013D6D0
[LOG] SystemI::createSoundInternal             : exinfo->fileuserdata       = 000001B84B500548
[LOG] SystemI::createSoundInternal             : exinfo->initialseekpostype = 1
[LOG] SystemI::DSPCodecPoolRegister            : register codec pool for pool type 4
[LOG] SystemI::createSoundInternal             : Sample 0/1: name='Footsteps2', format=5, channels=2, frequency=48000, lengthbytes=5792, lengthpcm=23040, pcmblocksize=0, loopstart=0, loopend=0, mode=0x00000000, channelmask=0x00000000, channelorder=0, peakvolume=0.667419.
[LOG] SystemI::createSoundInternal             : Create name='', mode=0x02000202
[LOG] SystemI::createSoundInternal             : exinfo->cbsize             = 224
[LOG] SystemI::createSoundInternal             : exinfo->length             = 230784
[LOG] SystemI::createSoundInternal             : exinfo->fileoffset         = 14464
[LOG] SystemI::createSoundInternal             : exinfo->numsubsounds       = 1
[LOG] SystemI::createSoundInternal             : exinfo->inclusionlist      = 0000007BF064F188
[LOG] SystemI::createSoundInternal             : exinfo->inclusionlistnum   = 1
[LOG] SystemI::createSoundInternal             : exinfo->suggestedsoundtype = 5
[LOG] SystemI::createSoundInternal             : exinfo->useropen           = 00007FFBA013D530
[LOG] SystemI::createSoundInternal             : exinfo->userclose          = 00007FFBA013D4F0
[LOG] SystemI::createSoundInternal             : exinfo->userread           = 00007FFBA013D610
[LOG] SystemI::createSoundInternal             : exinfo->userseek           = 00007FFBA013D6D0
[LOG] SystemI::createSoundInternal             : exinfo->fileuserdata       = 000001B84B500548
[LOG] SystemI::createSoundInternal             : exinfo->initialseekpostype = 1
[LOG] SystemI::DSPCodecPoolRegister            : register codec pool for pool type 4
[LOG] SystemI::createSoundInternal             : Sample 0/1: name='Footsteps1', format=5, channels=2, frequency=48000, lengthbytes=5408, lengthpcm=26496, pcmblocksize=0, loopstart=0, loopend=0, mode=0x00000000, channelmask=0x00000000, channelorder=0, peakvolume=0.657745.
[LOG] SystemI::createSoundInternal             : Create name='', mode=0x02000202
[LOG] SystemI::createSoundInternal             : exinfo->cbsize             = 224
[LOG] SystemI::createSoundInternal             : exinfo->length             = 230784
[LOG] SystemI::createSoundInternal             : exinfo->fileoffset         = 14464
[LOG] SystemI::createSoundInternal             : exinfo->numsubsounds       = 1
[LOG] SystemI::createSoundInternal             : exinfo->inclusionlist      = 0000007BF064F188
[LOG] SystemI::createSoundInternal             : exinfo->inclusionlistnum   = 1
[LOG] SystemI::createSoundInternal             : exinfo->suggestedsoundtype = 5
[LOG] SystemI::createSoundInternal             : exinfo->useropen           = 00007FFBA013D530
[LOG] SystemI::createSoundInternal             : exinfo->userclose          = 00007FFBA013D4F0
[LOG] SystemI::createSoundInternal             : exinfo->userread           = 00007FFBA013D610
[LOG] SystemI::createSoundInternal             : exinfo->userseek           = 00007FFBA013D6D0
[LOG] SystemI::createSoundInternal             : exinfo->fileuserdata       = 000001B84B500548
[LOG] SystemI::createSoundInternal             : exinfo->initialseekpostype = 1
[LOG] SystemI::DSPCodecPoolRegister            : register codec pool for pool type 4
[LOG] SystemI::createSoundInternal             : Sample 0/1: name='Footsteps4', format=5, channels=2, frequency=48000, lengthbytes=6112, lengthpcm=29952, pcmblocksize=0, loopstart=0, loopend=0, mode=0x00000000, channelmask=0x00000000, channelorder=0, peakvolume=0.397736.
[LOG] SystemI::createSoundInternal             : Create name='', mode=0x02000202
[LOG] SystemI::createSoundInternal             : exinfo->cbsize             = 224
[LOG] SystemI::createSoundInternal             : exinfo->length             = 230784
[LOG] SystemI::createSoundInternal             : exinfo->fileoffset         = 14464
[LOG] SystemI::createSoundInternal             : exinfo->numsubsounds       = 1
[LOG] SystemI::createSoundInternal             : exinfo->inclusionlist      = 0000007BF064F188
[LOG] SystemI::createSoundInternal             : exinfo->inclusionlistnum   = 1
[LOG] SystemI::createSoundInternal             : exinfo->suggestedsoundtype = 5
[LOG] SystemI::createSoundInternal             : exinfo->useropen           = 00007FFBA013D530
[LOG] SystemI::createSoundInternal             : exinfo->userclose          = 00007FFBA013D4F0
[LOG] SystemI::createSoundInternal             : exinfo->userread           = 00007FFBA013D610
[LOG] SystemI::createSoundInternal             : exinfo->userseek           = 00007FFBA013D6D0
[LOG] SystemI::createSoundInternal             : exinfo->fileuserdata       = 000001B84B500548
[LOG] SystemI::createSoundInternal             : exinfo->initialseekpostype = 1
[LOG] SystemI::DSPCodecPoolRegister            : register codec pool for pool type 4
[LOG] SystemI::createSoundInternal             : Sample 0/1: name='Footsteps3', format=5, channels=2, frequency=48000, lengthbytes=6944, lengthpcm=28800, pcmblocksize=0, loopstart=0, loopend=0, mode=0x00000000, channelmask=0x00000000, channelorder=0, peakvolume=0.282684.
[LOG] SystemI::createSound                     : filename = ../../../SON/FMOD Proyecto Final/ProyectoFinal/Build/Desktop/Light.bank : mode 02010082
[LOG] SystemI::createSound                     : FMOD_NONBLOCKING specified.  Putting into queue to be opened asynchronously!
[LOG] AsyncThread::getAsyncThread              : index = 0 / 5
[LOG] AsyncThread::add                         : add sound to async queue : soundi = 000001B84C027218, queue head = 000001B939D72E88, queue count = 0
[LOG] AsyncThread::threadFunc                  : Starting Asynchronous operation on sound 000001B84C027218
[LOG] SystemI::createSoundInternal             :     Create name='../../../SON/FMOD Proyecto Final/ProyectoFinal/Build/Desktop/Light.bank', mode=0x02010082
[LOG] SystemI::createSoundInternal             :     exinfo->cbsize             = 224
[LOG] SystemI::createSoundInternal             :     exinfo->length             = 449920
[LOG] SystemI::createSoundInternal             :     exinfo->fileoffset         = 2080
[LOG] SystemI::createSoundInternal             :     exinfo->numsubsounds       = 1
[LOG] SystemI::createSoundInternal             :     exinfo->inclusionlist      = 000001B93D528A98
[LOG] SystemI::createSoundInternal             :     exinfo->inclusionlistnum   = 1
[LOG] SystemI::createSoundInternal             :     exinfo->suggestedsoundtype = 5
[LOG] SystemI::createSoundInternal             :     exinfo->initialseekpostype = 1
[LOG] SystemI::createSoundInternal             :     Stream 0/1: name='ElectricTransformer', format=5, channels=2, frequency=48000, lengthbytes=449312, lengthpcm=2884608, pcmblocksize=0, loopstart=0, loopend=0, mode=0x00000000, channelmask=0x00000000, channelorder=0, peakvolume=0.125000.
[LOG] AsyncThread::threadFunc                  : Finished Asynchronous operation on sound 000001B84C027218
[LOG] SystemI::createSound                     : filename = ../../../SON/FMOD Proyecto Final/ProyectoFinal/Build/Desktop/Light.bank : mode 02010082
[LOG] SystemI::createSound                     : FMOD_NONBLOCKING specified.  Putting into queue to be opened asynchronously!
[LOG] AsyncThread::getAsyncThread              : index = 0 / 5
[LOG] AsyncThread::add                         : add sound to async queue : soundi = 000001B84C024018, queue head = 000001B939D72E88, queue count = 0
[LOG] AsyncThread::threadFunc                  : Starting Asynchronous operation on sound 000001B84C024018
[LOG] SoundI::release                          :     ElectricTransformer (000001B84C027218)
[LOG] SystemI::createSoundInternal             :     Create name='../../../SON/FMOD Proyecto Final/ProyectoFinal/Build/Desktop/Light.bank', mode=0x02010082
[LOG] SystemI::createSoundInternal             :         exinfo->cbsize             = 224
[LOG] SoundI::release                          :         ElectricTransformer (000001B9CAE164F8)
[LOG] SystemI::createSoundInternal             :         exinfo->length             = 449920
[LOG] SoundI::release                          :         ElectricTransformer (000001B9C5591A48)
[LOG] SystemI::createSoundInternal             :         exinfo->fileoffset         = 2080
[LOG] SystemI::createSoundInternal             :     exinfo->numsubsounds       = 1
[LOG] SystemI::createSoundInternal             :     exinfo->inclusionlist      = 000001B93D5250D8
[LOG] SystemI::createSoundInternal             :     exinfo->inclusionlistnum   = 1
[LOG] SystemI::createSoundInternal             :     exinfo->suggestedsoundtype = 5
[LOG] SystemI::createSoundInternal             :     exinfo->initialseekpostype = 1
[LOG] SystemI::createSoundInternal             :     Stream 0/1: name='ElectricTransformer', format=5, channels=2, frequency=48000, lengthbytes=449312, lengthpcm=2884608, pcmblocksize=0, loopstart=0, loopend=0, mode=0x00000000, channelmask=0x00000000, channelorder=0, peakvolume=0.125000.
[LOG] AsyncThread::threadFunc                  : Finished Asynchronous operation on sound 000001B84C024018
[LOG] SystemI::createSound                     : filename = ../../../SON/FMOD Proyecto Final/ProyectoFinal/Build/Desktop/Light.bank : mode 02010082
[LOG] SystemI::createSound                     : FMOD_NONBLOCKING specified.  Putting into queue to be opened asynchronously!
[LOG] AsyncThread::getAsyncThread              : index = 0 / 5
[LOG] AsyncThread::add                         : add sound to async queue : soundi = 000001B84C025918, queue head = 000001B939D72E88, queue count = 0
[LOG] AsyncThread::threadFunc                  : Starting Asynchronous operation on sound 000001B84C025918
[LOG] SoundI::release                          : ElectricTransformer (000001B9C4FFF928)
[LOG] SystemI::createSoundInternal             :     Create name='../../../SON/FMOD Proyecto Final/ProyectoFinal/Build/Desktop/Light.bank', mode=0x02010082
[LOG] SystemI::createSoundInternal             :         exinfo->cbsize             = 224
[LOG] SystemI::createSoundInternal             :         exinfo->length             = 449920
[LOG] SystemI::createSoundInternal             :         exinfo->fileoffset         = 2080
[LOG] SoundI::release                          :         ElectricTransformer (000001B93CBCB838)
[LOG] SystemI::createSoundInternal             :         exinfo->numsubsounds       = 1
[LOG] SoundI::release                          :         ElectricTransformer (000001B939D74C78)
[LOG] SystemI::createSoundInternal             :         exinfo->inclusionlist      = 000001B93D525398
[LOG] SystemI::createSoundInternal             :     exinfo->inclusionlistnum   = 1
[LOG] SystemI::createSoundInternal             :     exinfo->suggestedsoundtype = 5
[LOG] SystemI::createSoundInternal             :     exinfo->initialseekpostype = 1
[LOG] SystemI::createSoundInternal             :     Stream 0/1: name='ElectricTransformer', format=5, channels=2, frequency=48000, lengthbytes=449312, lengthpcm=2884608, pcmblocksize=0, loopstart=0, loopend=0, mode=0x00000000, channelmask=0x00000000, channelorder=0, peakvolume=0.125000.
[LOG] AsyncThread::threadFunc                  : Finished Asynchronous operation on sound 000001B84C025918
[LOG] SoundI::release                          : ElectricTransformer (000001B9C9933388)
[LOG] SoundI::release                          :     ElectricTransformer (000001B84E7561A8)
[LOG] SoundI::release                          :     ElectricTransformer (000001B9C5590918)
[LOG] SoundI::release                          : ElectricTransformer (000001B84C024018)
[LOG] SoundI::release                          :     ElectricTransformer (000001B9CAE161F8)
[LOG] SoundI::release                          :     ElectricTransformer (000001B9C558ECF8)
[LOG] SystemI::createSound                     : filename = ../../../SON/FMOD Proyecto Final/ProyectoFinal/Build/Desktop/Light.bank : mode 02010082
[LOG] SystemI::createSound                     : FMOD_NONBLOCKING specified.  Putting into queue to be opened asynchronously!
[LOG] AsyncThread::getAsyncThread              : index = 0 / 5
[LOG] AsyncThread::add                         : add sound to async queue : soundi = 000001B84C0279E8, queue head = 000001B939D72E88, queue count = 0
[LOG] AsyncThread::threadFunc                  : Starting Asynchronous operation on sound 000001B84C0279E8
[LOG] SystemI::createSoundInternal             :     Create name='../../../SON/FMOD Proyecto Final/ProyectoFinal/Build/Desktop/Light.bank', mode=0x02010082
[LOG] SoundI::release                          :     ElectricTransformer (000001B84C025918)
[LOG] SystemI::createSoundInternal             :     exinfo->cbsize             = 224
[LOG] SystemI::createSoundInternal             :         exinfo->length             = 449920
[LOG] SystemI::createSoundInternal             :         exinfo->fileoffset         = 2080
[LOG] SystemI::createSoundInternal             :         exinfo->numsubsounds       = 1
[LOG] SystemI::createSoundInternal             :         exinfo->inclusionlist      = 000001B93D527B78
[LOG] SoundI::release                          :         ElectricTransformer (000001B9CAE16678)
[LOG] SystemI::createSoundInternal             :         exinfo->inclusionlistnum   = 1
[LOG] SoundI::release                          :         ElectricTransformer (000001B9C558EE88)
[LOG] SystemI::createSoundInternal             :         exinfo->suggestedsoundtype = 5
[LOG] SystemI::createSoundInternal             :     exinfo->initialseekpostype = 1
[LOG] SystemI::createSoundInternal             :     Stream 0/1: name='ElectricTransformer', format=5, channels=2, frequency=48000, lengthbytes=449312, lengthpcm=2884608, pcmblocksize=0, loopstart=0, loopend=0, mode=0x00000000, channelmask=0x00000000, channelorder=0, peakvolume=0.125000.
[LOG] AsyncThread::threadFunc                  : Finished Asynchronous operation on sound 000001B84C0279E8
[LOG] SystemI::createSound                     : filename = ../../../SON/FMOD Proyecto Final/ProyectoFinal/Build/Desktop/Light.bank : mode 02010082
[LOG] SystemI::createSound                     : FMOD_NONBLOCKING specified.  Putting into queue to be opened asynchronously!
[LOG] AsyncThread::getAsyncThread              : index = 0 / 5
[LOG] AsyncThread::add                         : add sound to async queue : soundi = 000001B84C024E28, queue head = 000001B939D72E88, queue count = 0
[LOG] AsyncThread::threadFunc                  : Starting Asynchronous operation on sound 000001B84C024E28
[LOG] SystemI::createSoundInternal             :     Create name='../../../SON/FMOD Proyecto Final/ProyectoFinal/Build/Desktop/Light.bank', mode=0x02010082
[LOG] SystemI::createSoundInternal             :     exinfo->cbsize             = 224
[LOG] SystemI::createSoundInternal             :     exinfo->length             = 449920
[LOG] SystemI::createSoundInternal             :     exinfo->fileoffset         = 2080
[LOG] SystemI::createSoundInternal             :     exinfo->numsubsounds       = 1
[LOG] SystemI::createSoundInternal             :     exinfo->inclusionlist      = 000001B93D528A98
[LOG] SystemI::createSoundInternal             :     exinfo->inclusionlistnum   = 1
[LOG] SystemI::createSoundInternal             :     exinfo->suggestedsoundtype = 5
[LOG] SystemI::createSoundInternal             :     exinfo->initialseekpostype = 1
[LOG] SystemI::createSoundInternal             :     Stream 0/1: name='ElectricTransformer', format=5, channels=2, frequency=48000, lengthbytes=449312, lengthpcm=2884608, pcmblocksize=0, loopstart=0, loopend=0, mode=0x00000000, channelmask=0x00000000, channelorder=0, peakvolume=0.125000.
[LOG] AsyncThread::threadFunc                  : Finished Asynchronous operation on sound 000001B84C024E28
[LOG] SystemI::createSound                     : filename = ../../../SON/FMOD Proyecto Final/ProyectoFinal/Build/Desktop/Light.bank : mode 02010082
[LOG] SystemI::createSound                     : FMOD_NONBLOCKING specified.  Putting into queue to be opened asynchronously!
[LOG] AsyncThread::getAsyncThread              : index = 0 / 5
[LOG] AsyncThread::add                         : add sound to async queue : soundi = 000001B84C0252D8, queue head = 000001B939D72E88, queue count = 0
[LOG] AsyncThread::threadFunc                  : Starting Asynchronous operation on sound 000001B84C0252D8
[LOG] SystemI::createSoundInternal             :     Create name='../../../SON/FMOD Proyecto Final/ProyectoFinal/Build/Desktop/Light.bank', mode=0x02010082
[LOG] SystemI::createSoundInternal             :     exinfo->cbsize             = 224
[LOG] SystemI::createSoundInternal             :     exinfo->length             = 449920
[LOG] SystemI::createSoundInternal             :     exinfo->fileoffset         = 2080
[LOG] SystemI::createSoundInternal             :     exinfo->numsubsounds       = 1
[LOG] SystemI::createSoundInternal             :     exinfo->inclusionlist      = 000001B93D526C58
[LOG] SystemI::createSoundInternal             :     exinfo->inclusionlistnum   = 1
[LOG] SystemI::createSoundInternal             :     exinfo->suggestedsoundtype = 5
[LOG] SystemI::createSoundInternal             :     exinfo->initialseekpostype = 1
[LOG] SystemI::createSoundInternal             :     Stream 0/1: name='ElectricTransformer', format=5, channels=2, frequency=48000, lengthbytes=449312, lengthpcm=2884608, pcmblocksize=0, loopstart=0, loopend=0, mode=0x00000000, channelmask=0x00000000, channelorder=0, peakvolume=0.125000.
[LOG] AsyncThread::threadFunc                  : Finished Asynchronous operation on sound 000001B84C0252D8
[LOG] SystemI::createSound                     : filename = ../../../SON/FMOD Proyecto Final/ProyectoFinal/Build/Desktop/Light.bank : mode 02010082
[LOG] SystemI::createSound                     : FMOD_NONBLOCKING specified.  Putting into queue to be opened asynchronously!
[LOG] AsyncThread::getAsyncThread              : index = 0 / 5
[LOG] AsyncThread::add                         : add sound to async queue : soundi = 000001B84C026598, queue head = 000001B939D72E88, queue count = 0
[LOG] AsyncThread::threadFunc                  : Starting Asynchronous operation on sound 000001B84C026598
[LOG] SystemI::createSoundInternal             :     Create name='../../../SON/FMOD Proyecto Final/ProyectoFinal/Build/Desktop/Light.bank', mode=0x02010082
[LOG] SystemI::createSoundInternal             :     exinfo->cbsize             = 224
[LOG] SystemI::createSoundInternal             :     exinfo->length             = 449920
[LOG] SystemI::createSoundInternal             :     exinfo->fileoffset         = 2080
[LOG] SystemI::createSoundInternal             :     exinfo->numsubsounds       = 1
[LOG] SystemI::createSoundInternal             :     exinfo->inclusionlist      = 000001B93D528518
[LOG] SystemI::createSoundInternal             :     exinfo->inclusionlistnum   = 1
[LOG] SystemI::createSoundInternal             :     exinfo->suggestedsoundtype = 5
[LOG] SystemI::createSoundInternal             :     exinfo->initialseekpostype = 1
[LOG] SystemI::createSoundInternal             :     Stream 0/1: name='ElectricTransformer', format=5, channels=2, frequency=48000, lengthbytes=449312, lengthpcm=2884608, pcmblocksize=0, loopstart=0, loopend=0, mode=0x00000000, channelmask=0x00000000, channelorder=0, peakvolume=0.125000.
[LOG] AsyncThread::threadFunc                  : Finished Asynchronous operation on sound 000001B84C026598
[LOG] SoundI::release                          : ElectricTransformer (000001B84C024E28)
[LOG] SoundI::release                          :     ElectricTransformer (000001B8FFAF0DC8)
[LOG] SoundI::release                          :     ElectricTransformer (000001B87A4C8C38)
[LOG] SoundI::release                          : ElectricTransformer (000001B84C0252D8)
[LOG] SoundI::release                          :     ElectricTransformer (000001B9CAE161F8)
[LOG] SoundI::release                          :     ElectricTransformer (000001B87A4C5588)
[LOG] SystemI::createSound                     : filename = ../../../SON/FMOD Proyecto Final/ProyectoFinal/Build/Desktop/Light.bank : mode 02010082
[LOG] SystemI::createSound                     : FMOD_NONBLOCKING specified.  Putting into queue to be opened asynchronously!
[LOG] AsyncThread::getAsyncThread              : index = 0 / 5
[LOG] AsyncThread::add                         : add sound to async queue : soundi = 000001B84C0244C8, queue head = 000001B939D72E88, queue count = 0
[LOG] AsyncThread::threadFunc                  : Starting Asynchronous operation on sound 000001B84C0244C8
[LOG] SystemI::createSoundInternal             :     Create name='../../../SON/FMOD Proyecto Final/ProyectoFinal/Build/Desktop/Light.bank', mode=0x02010082
[LOG] SystemI::createSoundInternal             :     exinfo->cbsize             = 224
[LOG] SystemI::createSoundInternal             :     exinfo->length             = 449920
[LOG] SystemI::createSoundInternal             :     exinfo->fileoffset         = 2080
[LOG] SystemI::createSoundInternal             :     exinfo->numsubsounds       = 1
[LOG] SystemI::createSoundInternal             :     exinfo->inclusionlist      = 000001B93D526F18
[LOG] SystemI::createSoundInternal             :     exinfo->inclusionlistnum   = 1
[LOG] SystemI::createSoundInternal             :     exinfo->suggestedsoundtype = 5
[LOG] SystemI::createSoundInternal             :     exinfo->initialseekpostype = 1
[LOG] SystemI::createSoundInternal             :     Stream 0/1: name='ElectricTransformer', format=5, channels=2, frequency=48000, lengthbytes=449312, lengthpcm=2884608, pcmblocksize=0, loopstart=0, loopend=0, mode=0x00000000, channelmask=0x00000000, channelorder=0, peakvolume=0.125000.
[LOG] AsyncThread::threadFunc                  : Finished Asynchronous operation on sound 000001B84C0244C8
[LOG] SoundI::release                          : ElectricTransformer (000001B84C0244C8)
[LOG] SoundI::release                          :     ElectricTransformer (000001B9CAE167F8)
[LOG] SoundI::release                          :     ElectricTransformer (000001B9C558F658)
[LOG] SystemI::createSound                     : filename = ../../../SON/FMOD Proyecto Final/ProyectoFinal/Build/Desktop/Light.bank : mode 02010082
[LOG] SystemI::createSound                     : FMOD_NONBLOCKING specified.  Putting into queue to be opened asynchronously!
[LOG] AsyncThread::getAsyncThread              : index = 0 / 5
[LOG] AsyncThread::add                         : add sound to async queue : soundi = 000001B84C024018, queue head = 000001B939D72E88, queue count = 0
[LOG] AsyncThread::threadFunc                  : Starting Asynchronous operation on sound 000001B84C024018
[LOG] SystemI::createSoundInternal             :     Create name='../../../SON/FMOD Proyecto Final/ProyectoFinal/Build/Desktop/Light.bank', mode=0x02010082
[LOG] SystemI::createSoundInternal             :     exinfo->cbsize             = 224
[LOG] SystemI::createSoundInternal             :     exinfo->length             = 449920
[LOG] SystemI::createSoundInternal             :     exinfo->fileoffset         = 2080
[LOG] SystemI::createSoundInternal             :     exinfo->numsubsounds       = 1
[LOG] SystemI::createSoundInternal             :     exinfo->inclusionlist      = 000001B93D528A98
[LOG] SystemI::createSoundInternal             :     exinfo->inclusionlistnum   = 1
[LOG] SystemI::createSoundInternal             :     exinfo->suggestedsoundtype = 5
[LOG] SystemI::createSoundInternal             :     exinfo->initialseekpostype = 1
[LOG] SystemI::createSoundInternal             :     Stream 0/1: name='ElectricTransformer', format=5, channels=2, frequency=48000, lengthbytes=449312, lengthpcm=2884608, pcmblocksize=0, loopstart=0, loopend=0, mode=0x00000000, channelmask=0x00000000, channelorder=0, peakvolume=0.125000.
[LOG] AsyncThread::threadFunc                  : Finished Asynchronous operation on sound 000001B84C024018
[LOG] SystemI::createSound                     : filename = ../../../SON/FMOD Proyecto Final/ProyectoFinal/Build/Desktop/Light.bank : mode 02010082
[LOG] SystemI::createSound                     : FMOD_NONBLOCKING specified.  Putting into queue to be opened asynchronously!
[LOG] AsyncThread::getAsyncThread              : index = 0 / 5
[LOG] AsyncThread::add                         : add sound to async queue : soundi = 000001B84C024C98, queue head = 000001B939D72E88, queue count = 0
[LOG] AsyncThread::threadFunc                  : Starting Asynchronous operation on sound 000001B84C024C98
[LOG] SoundI::release                          :     ElectricTransformer (000001B84C024018)
[LOG] SystemI::createSoundInternal             :     Create name='../../../SON/FMOD Proyecto Final/ProyectoFinal/Build/Desktop/Light.bank', mode=0x02010082
[LOG] SystemI::createSoundInternal             :         exinfo->cbsize             = 224
[LOG] SystemI::createSoundInternal             :         exinfo->length             = 449920
[LOG] SystemI::createSoundInternal             :         exinfo->fileoffset         = 2080
[LOG] SystemI::createSoundInternal             :         exinfo->numsubsounds       = 1
[LOG] SoundI::release                          :         ElectricTransformer (000001B8FFAF0DC8)
[LOG] SystemI::createSoundInternal             :         exinfo->inclusionlist      = 000001B93D526DB8
[LOG] SoundI::release                          :         ElectricTransformer (000001B87A4C5BC8)
[LOG] SystemI::createSoundInternal             :         exinfo->inclusionlistnum   = 1
[LOG] SystemI::createSoundInternal             :     exinfo->suggestedsoundtype = 5
[LOG] SystemI::createSoundInternal             :     exinfo->initialseekpostype = 1
[LOG] SystemI::createSoundInternal             :     Stream 0/1: name='ElectricTransformer', format=5, channels=2, frequency=48000, lengthbytes=449312, lengthpcm=2884608, pcmblocksize=0, loopstart=0, loopend=0, mode=0x00000000, channelmask=0x00000000, channelorder=0, peakvolume=0.125000.
[LOG] AsyncThread::threadFunc                  : Finished Asynchronous operation on sound 000001B84C024C98
[LOG] SoundI::release                          : ElectricTransformer (000001B84C026598)
[LOG] SoundI::release                          :     ElectricTransformer (000001B84E7561A8)
[LOG] SoundI::release                          :     ElectricTransformer (000001B9C558F338)
[LOG] SystemI::createSound                     : filename = ../../../SON/FMOD Proyecto Final/ProyectoFinal/Build/Desktop/Light.bank : mode 02010082
[LOG] SystemI::createSound                     : FMOD_NONBLOCKING specified.  Putting into queue to be opened asynchronously!
[LOG] AsyncThread::getAsyncThread              : index = 0 / 5
[LOG] AsyncThread::add                         : add sound to async queue : soundi = 000001B84C025468, queue head = 000001B939D72E88, queue count = 0
[LOG] AsyncThread::threadFunc                  : Starting Asynchronous operation on sound 000001B84C025468
[LOG] SoundI::release                          : ElectricTransformer (000001B84C024C98)
[LOG] SystemI::createSoundInternal             :     Create name='../../../SON/FMOD Proyecto Final/ProyectoFinal/Build/Desktop/Light.bank', mode=0x02010082
[LOG] SystemI::createSoundInternal             :         exinfo->cbsize             = 224
[LOG] SystemI::createSoundInternal             :         exinfo->length             = 449920
[LOG] SoundI::release                          :         ElectricTransformer (000001B8FFAF0DC8)
[LOG] SystemI::createSoundInternal             :         exinfo->fileoffset         = 2080
[LOG] SoundI::release                          :         ElectricTransformer (000001B87A4C7018)
[LOG] SystemI::createSoundInternal             :         exinfo->numsubsounds       = 1
[LOG] SystemI::createSoundInternal             :     exinfo->inclusionlist      = 000001B93D5271D8
[LOG] SystemI::createSoundInternal             :     exinfo->inclusionlistnum   = 1
[LOG] SystemI::createSoundInternal             :     exinfo->suggestedsoundtype = 5
[LOG] SystemI::createSoundInternal             :     exinfo->initialseekpostype = 1
[LOG] SystemI::createSoundInternal             :     Stream 0/1: name='ElectricTransformer', format=5, channels=2, frequency=48000, lengthbytes=449312, lengthpcm=2884608, pcmblocksize=0, loopstart=0, loopend=0, mode=0x00000000, channelmask=0x00000000, channelorder=0, peakvolume=0.125000.
[LOG] AsyncThread::threadFunc                  : Finished Asynchronous operation on sound 000001B84C025468
[LOG] SystemI::createSound                     : filename = ../../../SON/FMOD Proyecto Final/ProyectoFinal/Build/Desktop/Light.bank : mode 02010082
[LOG] SystemI::createSound                     : FMOD_NONBLOCKING specified.  Putting into queue to be opened asynchronously!
[LOG] AsyncThread::getAsyncThread              : index = 0 / 5
[LOG] AsyncThread::add                         : add sound to async queue : soundi = 000001B84C024C98, queue head = 000001B939D72E88, queue count = 0
[LOG] AsyncThread::threadFunc                  : Starting Asynchronous operation on sound 000001B84C024C98
[LOG] SystemI::createSound                     :     filename = ../../../SON/FMOD Proyecto Final/ProyectoFinal/Build/Desktop/Light.bank : mode 02010082
[LOG] SystemI::createSoundInternal             :     Create name='../../../SON/FMOD Proyecto Final/ProyectoFinal/Build/Desktop/Light.bank', mode=0x02010082
[LOG] SystemI::createSound                     :     FMOD_NONBLOCKING specified.  Putting into queue to be opened asynchronously!
[LOG] SystemI::createSoundInternal             :     exinfo->cbsize             = 224
[LOG] AsyncThread::getAsyncThread              :     index = 0 / 5
[LOG] SystemI::createSoundInternal             :     exinfo->length             = 449920
[LOG] AsyncThread::add                         :     add sound to async queue : soundi = 000001B84C0260E8, queue head = 000001B939D72E88, queue count = 0
[LOG] SystemI::createSoundInternal             :     exinfo->fileoffset         = 2080
[LOG] SystemI::createSoundInternal             :     exinfo->numsubsounds       = 1
[LOG] SystemI::createSoundInternal             :     exinfo->inclusionlist      = 000001B93D528518
[LOG] SystemI::createSoundInternal             :     exinfo->inclusionlistnum   = 1
[LOG] SystemI::createSoundInternal             :     exinfo->suggestedsoundtype = 5
[LOG] SystemI::createSoundInternal             :     exinfo->initialseekpostype = 1
[LOG] SystemI::createSoundInternal             :     Stream 0/1: name='ElectricTransformer', format=5, channels=2, frequency=48000, lengthbytes=449312, lengthpcm=2884608, pcmblocksize=0, loopstart=0, loopend=0, mode=0x00000000, channelmask=0x00000000, channelorder=0, peakvolume=0.125000.
[LOG] AsyncThread::threadFunc                  : Finished Asynchronous operation on sound 000001B84C024C98
[LOG] AsyncThread::threadFunc                  : Starting Asynchronous operation on sound 000001B84C0260E8
[LOG] SystemI::createSoundInternal             :     Create name='../../../SON/FMOD Proyecto Final/ProyectoFinal/Build/Desktop/Light.bank', mode=0x02010082
[LOG] SystemI::createSoundInternal             :     exinfo->cbsize             = 224
[LOG] SystemI::createSoundInternal             :     exinfo->length             = 449920
[LOG] SystemI::createSoundInternal             :     exinfo->fileoffset         = 2080
[LOG] SystemI::createSoundInternal             :     exinfo->numsubsounds       = 1
[LOG] SystemI::createSoundInternal             :     exinfo->inclusionlist      = 000001B93D5249F8
[LOG] SystemI::createSoundInternal             :     exinfo->inclusionlistnum   = 1
[LOG] SystemI::createSoundInternal             :     exinfo->suggestedsoundtype = 5
[LOG] SystemI::createSoundInternal             :     exinfo->initialseekpostype = 1
[LOG] SystemI::createSoundInternal             :     Stream 0/1: name='ElectricTransformer', format=5, channels=2, frequency=48000, lengthbytes=449312, lengthpcm=2884608, pcmblocksize=0, loopstart=0, loopend=0, mode=0x00000000, channelmask=0x00000000, channelorder=0, peakvolume=0.125000.
[LOG] AsyncThread::threadFunc                  : Finished Asynchronous operation on sound 000001B84C0260E8
[LOG] SoundI::release                          : ElectricTransformer (000001B84C025468)
[LOG] SoundI::release                          :     ElectricTransformer (000001B8FFAF0DC8)
[LOG] SoundI::release                          :     ElectricTransformer (000001B87A4C82D8)
[LOG] SystemI::createSound                     : filename = ../../../SON/FMOD Proyecto Final/ProyectoFinal/Build/Desktop/Light.bank : mode 02010082
[LOG] SystemI::createSound                     : FMOD_NONBLOCKING specified.  Putting into queue to be opened asynchronously!
[LOG] AsyncThread::getAsyncThread              : index = 0 / 5
[LOG] AsyncThread::add                         : add sound to async queue : soundi = 000001B84C027858, queue head = 000001B939D72E88, queue count = 0
[LOG] AsyncThread::threadFunc                  : Starting Asynchronous operation on sound 000001B84C027858
[LOG] SystemI::createSoundInternal             :     Create name='../../../SON/FMOD Proyecto Final/ProyectoFinal/Build/Desktop/Light.bank', mode=0x02010082
[LOG] SystemI::createSoundInternal             :     exinfo->cbsize             = 224
[LOG] SystemI::createSoundInternal             :     exinfo->length             = 449920
[LOG] SystemI::createSoundInternal             :     exinfo->fileoffset         = 2080
[LOG] SystemI::createSoundInternal             :     exinfo->numsubsounds       = 1
[LOG] SystemI::createSoundInternal             :     exinfo->inclusionlist      = 000001B93D5250D8
[LOG] SystemI::createSoundInternal             :     exinfo->inclusionlistnum   = 1
[LOG] SystemI::createSoundInternal             :     exinfo->suggestedsoundtype = 5
[LOG] SystemI::createSoundInternal             :     exinfo->initialseekpostype = 1
[LOG] SystemI::createSoundInternal             :     Stream 0/1: name='ElectricTransformer', format=5, channels=2, frequency=48000, lengthbytes=449312, lengthpcm=2884608, pcmblocksize=0, loopstart=0, loopend=0, mode=0x00000000, channelmask=0x00000000, channelorder=0, peakvolume=0.125000.
[LOG] AsyncThread::threadFunc                  : Finished Asynchronous operation on sound 000001B84C027858
[LOG] SoundI::release                          : ElectricTransformer (000001B84C0260E8)
[LOG] SoundI::release                          :     ElectricTransformer (000001B9CAE167F8)
[LOG] SoundI::release                          :     ElectricTransformer (000001B87A4C7B08)
[LOG] SoundI::release                          : ElectricTransformer (000001B84C024C98)
[LOG] SoundI::release                          :     ElectricTransformer (000001B9CAE16978)
[LOG] SoundI::release                          :     ElectricTransformer (000001B87A4C7018)
[LOG] SoundI::release                          : ElectricTransformer (000001B84C027858)
[LOG] SoundI::release                          :     ElectricTransformer (000001B9CAE16AF8)
[LOG] SoundI::release                          :     ElectricTransformer (000001B87A4C8C38)
[LOG] SoundI::release                          : ElectricTransformer (000001B84C0279E8)
[LOG] SoundI::release                          :     ElectricTransformer (000001B8FFAF0C48)
[LOG] SoundI::release                          :     ElectricTransformer (000001B87A4C5A38)
[LOG] SystemI::createSound                     : filename = ../../../SON/FMOD Proyecto Final/ProyectoFinal/Build/Desktop/Light.bank : mode 02010082
[LOG] SystemI::createSound                     : FMOD_NONBLOCKING specified.  Putting into queue to be opened asynchronously!
[LOG] AsyncThread::getAsyncThread              : index = 0 / 5
[LOG] AsyncThread::add                         : add sound to async queue : soundi = 000001B91C219DC8, queue head = 000001B939D72E88, queue count = 0
[LOG] AsyncThread::threadFunc                  : Starting Asynchronous operation on sound 000001B91C219DC8
[LOG] SystemI::createSoundInternal             :     Create name='../../../SON/FMOD Proyecto Final/ProyectoFinal/Build/Desktop/Light.bank', mode=0x02010082
[LOG] SystemI::createSoundInternal             :     exinfo->cbsize             = 224
[LOG] SystemI::createSoundInternal             :     exinfo->length             = 449920
[LOG] SystemI::createSoundInternal             :     exinfo->fileoffset         = 2080
[LOG] SystemI::createSoundInternal             :     exinfo->numsubsounds       = 1
[LOG] SystemI::createSoundInternal             :     exinfo->inclusionlist      = 000001B93D528A98
[LOG] SystemI::createSoundInternal             :     exinfo->inclusionlistnum   = 1
[LOG] SystemI::createSoundInternal             :     exinfo->suggestedsoundtype = 5
[LOG] SystemI::createSoundInternal             :     exinfo->initialseekpostype = 1
[LOG] SystemI::createSoundInternal             :     Stream 0/1: name='ElectricTransformer', format=5, channels=2, frequency=48000, lengthbytes=449312, lengthpcm=2884608, pcmblocksize=0, loopstart=0, loopend=0, mode=0x00000000, channelmask=0x00000000, channelorder=0, peakvolume=0.125000.
[LOG] AsyncThread::threadFunc                  : Finished Asynchronous operation on sound 000001B91C219DC8
[LOG] SystemI::createSound                     : filename = ../../../SON/FMOD Proyecto Final/ProyectoFinal/Build/Desktop/Light.bank : mode 02010082
[LOG] SystemI::createSound                     : FMOD_NONBLOCKING specified.  Putting into queue to be opened asynchronously!
[LOG] AsyncThread::getAsyncThread              : index = 0 / 5
[LOG] AsyncThread::add                         : add sound to async queue : soundi = 000001B91C2187E8, queue head = 000001B939D72E88, queue count = 0
[LOG] AsyncThread::threadFunc                  : Starting Asynchronous operation on sound 000001B91C2187E8
[LOG] SystemI::createSoundInternal             :     Create name='../../../SON/FMOD Proyecto Final/ProyectoFinal/Build/Desktop/Light.bank', mode=0x02010082
[LOG] SystemI::createSoundInternal             :     exinfo->cbsize             = 224
[LOG] SystemI::createSoundInternal             :     exinfo->length             = 449920
[LOG] SystemI::createSoundInternal             :     exinfo->fileoffset         = 2080
[LOG] SystemI::createSoundInternal             :     exinfo->numsubsounds       = 1
[LOG] SystemI::createSoundInternal             :     exinfo->inclusionlist      = 000001B93D527078
[LOG] SystemI::createSoundInternal             :     exinfo->inclusionlistnum   = 1
[LOG] SystemI::createSoundInternal             :     exinfo->suggestedsoundtype = 5
[LOG] SystemI::createSoundInternal             :     exinfo->initialseekpostype = 1
[LOG] SystemI::createSoundInternal             :     Stream 0/1: name='ElectricTransformer', format=5, channels=2, frequency=48000, lengthbytes=449312, lengthpcm=2884608, pcmblocksize=0, loopstart=0, loopend=0, mode=0x00000000, channelmask=0x00000000, channelorder=0, peakvolume=0.125000.
[LOG] AsyncThread::threadFunc                  : Finished Asynchronous operation on sound 000001B91C2187E8
[LOG] SoundI::release                          : ElectricTransformer (000001B91C219DC8)
[LOG] SoundI::release                          :     ElectricTransformer (000001B8FFAF0C48)
[LOG] SoundI::release                          :     ElectricTransformer (000001B87A4C66B8)
[LOG] SystemI::createSound                     : filename = ../../../SON/FMOD Proyecto Final/ProyectoFinal/Build/Desktop/Light.bank : mode 02010082
[LOG] SystemI::createSound                     : FMOD_NONBLOCKING specified.  Putting into queue to be opened asynchronously!
[LOG] AsyncThread::getAsyncThread              : index = 0 / 5
[LOG] AsyncThread::add                         : add sound to async queue : soundi = 000001B91C219F58, queue head = 000001B939D72E88, queue count = 0
[LOG] AsyncThread::threadFunc                  : Starting Asynchronous operation on sound 000001B91C219F58
[LOG] SystemI::createSound                     : filename = ../../../SON/FMOD Proyecto Final/ProyectoFinal/Build/Desktop/Light.bank : mode 02010082
[LOG] SystemI::createSoundInternal             :     Create name='../../../SON/FMOD Proyecto Final/ProyectoFinal/Build/Desktop/Light.bank', mode=0x02010082
[LOG] SystemI::createSoundInternal             :     exinfo->cbsize             = 224
[LOG] SystemI::createSound                     :     FMOD_NONBLOCKING specified.  Putting into queue to be opened asynchronously!
[LOG] SystemI::createSoundInternal             :     exinfo->length             = 449920
[LOG] SystemI::createSoundInternal             :     exinfo->fileoffset         = 2080
[LOG] SystemI::createSoundInternal             :     exinfo->numsubsounds       = 1
[LOG] AsyncThread::getAsyncThread              :     index = 0 / 5
[LOG] SystemI::createSoundInternal             :     exinfo->inclusionlist      = 000001B93D5249F8
[LOG] AsyncThread::add                         :     add sound to async queue : soundi = 000001B91C216BC8, queue head = 000001B939D72E88, queue count = 0
[LOG] SystemI::createSoundInternal             :     exinfo->inclusionlistnum   = 1
[LOG] SystemI::createSoundInternal             :     exinfo->suggestedsoundtype = 5
[LOG] SystemI::createSoundInternal             :     exinfo->initialseekpostype = 1
[LOG] SystemI::createSoundInternal             :     Stream 0/1: name='ElectricTransformer', format=5, channels=2, frequency=48000, lengthbytes=449312, lengthpcm=2884608, pcmblocksize=0, loopstart=0, loopend=0, mode=0x00000000, channelmask=0x00000000, channelorder=0, peakvolume=0.125000.
[LOG] AsyncThread::threadFunc                  : Finished Asynchronous operation on sound 000001B91C219F58
[LOG] AsyncThread::threadFunc                  : Starting Asynchronous operation on sound 000001B91C216BC8
[LOG] SystemI::createSoundInternal             :     Create name='../../../SON/FMOD Proyecto Final/ProyectoFinal/Build/Desktop/Light.bank', mode=0x02010082
[LOG] SystemI::createSoundInternal             :     exinfo->cbsize             = 224
[LOG] SystemI::createSoundInternal             :     exinfo->length             = 449920
[LOG] SystemI::createSoundInternal             :     exinfo->fileoffset         = 2080
[LOG] SystemI::createSoundInternal             :     exinfo->numsubsounds       = 1
[LOG] SystemI::createSoundInternal             :     exinfo->inclusionlist      = 000001B93D5250D8
[LOG] SystemI::createSoundInternal             :     exinfo->inclusionlistnum   = 1
[LOG] SystemI::createSoundInternal             :     exinfo->suggestedsoundtype = 5
[LOG] SystemI::createSoundInternal             :     exinfo->initialseekpostype = 1
[LOG] SystemI::createSoundInternal             :     Stream 0/1: name='ElectricTransformer', format=5, channels=2, frequency=48000, lengthbytes=449312, lengthpcm=2884608, pcmblocksize=0, loopstart=0, loopend=0, mode=0x00000000, channelmask=0x00000000, channelorder=0, peakvolume=0.125000.
[LOG] AsyncThread::threadFunc                  : Finished Asynchronous operation on sound 000001B91C216BC8
[LOG] SystemI::createSound                     : filename = ../../../SON/FMOD Proyecto Final/ProyectoFinal/Build/Desktop/Light.bank : mode 02010082
[LOG] SystemI::createSound                     : FMOD_NONBLOCKING specified.  Putting into queue to be opened asynchronously!
[LOG] AsyncThread::getAsyncThread              : index = 0 / 5
[LOG] AsyncThread::add                         : add sound to async queue : soundi = 000001B91C219AA8, queue head = 000001B939D72E88, queue count = 0
[LOG] AsyncThread::threadFunc                  : Starting Asynchronous operation on sound 000001B91C219AA8
[LOG] SystemI::createSoundInternal             :     Create name='../../../SON/FMOD Proyecto Final/ProyectoFinal/Build/Desktop/Light.bank', mode=0x02010082
[LOG] SystemI::createSoundInternal             :     exinfo->cbsize             = 224
[LOG] SystemI::createSoundInternal             :     exinfo->length             = 449920
[LOG] SystemI::createSoundInternal             :     exinfo->fileoffset         = 2080
[LOG] SystemI::createSoundInternal             :     exinfo->numsubsounds       = 1
[LOG] SystemI::createSoundInternal             :     exinfo->inclusionlist      = 000001B93D525398
[LOG] SystemI::createSoundInternal             :     exinfo->inclusionlistnum   = 1
[LOG] SystemI::createSoundInternal             :     exinfo->suggestedsoundtype = 5
[LOG] SystemI::createSoundInternal             :     exinfo->initialseekpostype = 1
[LOG] SystemI::createSoundInternal             :     Stream 0/1: name='ElectricTransformer', format=5, channels=2, frequency=48000, lengthbytes=449312, lengthpcm=2884608, pcmblocksize=0, loopstart=0, loopend=0, mode=0x00000000, channelmask=0x00000000, channelorder=0, peakvolume=0.125000.
[LOG] AsyncThread::threadFunc                  : Finished Asynchronous operation on sound 000001B91C219AA8
[LOG] SystemI::createSound                     : filename = ../../../SON/FMOD Proyecto Final/ProyectoFinal/Build/Desktop/Light.bank : mode 02010082
[LOG] SystemI::createSound                     : FMOD_NONBLOCKING specified.  Putting into queue to be opened asynchronously!
[LOG] AsyncThread::getAsyncThread              : index = 0 / 5
[LOG] AsyncThread::add                         : add sound to async queue : soundi = 000001B91C217208, queue head = 000001B939D72E88, queue count = 0
[LOG] AsyncThread::threadFunc                  : Starting Asynchronous operation on sound 000001B91C217208
[LOG] SoundI::release                          : ElectricTransformer (000001B91C216BC8)
[LOG] SystemI::createSoundInternal             :     Create name='../../../SON/FMOD Proyecto Final/ProyectoFinal/Build/Desktop/Light.bank', mode=0x02010082
[LOG] SystemI::createSoundInternal             :         exinfo->cbsize             = 224
[LOG] SystemI::createSoundInternal             :         exinfo->length             = 449920
[LOG] SoundI::release                          :         ElectricTransformer (000001B9CAE161F8)
[LOG] SystemI::createSoundInternal             :         exinfo->fileoffset         = 2080
[LOG] SoundI::release                          :         ElectricTransformer (000001B87A4C66B8)
[LOG] SystemI::createSoundInternal             :         exinfo->numsubsounds       = 1
[LOG] SystemI::createSoundInternal             :     exinfo->inclusionlist      = 000001B93D5257B8
[LOG] SystemI::createSoundInternal             :     exinfo->inclusionlistnum   = 1
[LOG] SystemI::createSoundInternal             :     exinfo->suggestedsoundtype = 5
[LOG] SystemI::createSoundInternal             :     exinfo->initialseekpostype = 1
[LOG] SystemI::createSoundInternal             :     Stream 0/1: name='ElectricTransformer', format=5, channels=2, frequency=48000, lengthbytes=449312, lengthpcm=2884608, pcmblocksize=0, loopstart=0, loopend=0, mode=0x00000000, channelmask=0x00000000, channelorder=0, peakvolume=0.125000.
[LOG] AsyncThread::threadFunc                  : Finished Asynchronous operation on sound 000001B91C217208
[LOG] SystemI::createSound                     : filename = ../../../SON/FMOD Proyecto Final/ProyectoFinal/Build/Desktop/Light.bank : mode 02010082
[LOG] SystemI::createSound                     : FMOD_NONBLOCKING specified.  Putting into queue to be opened asynchronously!
[LOG] AsyncThread::getAsyncThread              : index = 0 / 5
[LOG] AsyncThread::add                         : add sound to async queue : soundi = 000001B91C218338, queue head = 000001B939D72E88, queue count = 0
[LOG] AsyncThread::threadFunc                  : Starting Asynchronous operation on sound 000001B91C218338
[LOG] SystemI::createSoundInternal             :     Create name='../../../SON/FMOD Proyecto Final/ProyectoFinal/Build/Desktop/Light.bank', mode=0x02010082
[LOG] SystemI::createSoundInternal             :     exinfo->cbsize             = 224
[LOG] SystemI::createSoundInternal             :     exinfo->length             = 449920
[LOG] SystemI::createSoundInternal             :     exinfo->fileoffset         = 2080
[LOG] SystemI::createSoundInternal             :     exinfo->numsubsounds       = 1
[LOG] SystemI::createSoundInternal             :     exinfo->inclusionlist      = 000001B93D5250D8
[LOG] SystemI::createSoundInternal             :     exinfo->inclusionlistnum   = 1
[LOG] SystemI::createSoundInternal             :     exinfo->suggestedsoundtype = 5
[LOG] SystemI::createSoundInternal             :     exinfo->initialseekpostype = 1
[LOG] SystemI::createSoundInternal             :     Stream 0/1: name='ElectricTransformer', format=5, channels=2, frequency=48000, lengthbytes=449312, lengthpcm=2884608, pcmblocksize=0, loopstart=0, loopend=0, mode=0x00000000, channelmask=0x00000000, channelorder=0, peakvolume=0.125000.
[LOG] AsyncThread::threadFunc                  : Finished Asynchronous operation on sound 000001B91C218338
[LOG] SoundI::release                          : ElectricTransformer (000001B91C2187E8)
[LOG] SoundI::release                          :     ElectricTransformer (000001B8FFAF0DC8)
[LOG] SoundI::release                          :     ElectricTransformer (000001B87A4C7B08)
[LOG] SoundI::release                          : ElectricTransformer (000001B91C218338)
[LOG] SoundI::release                          :     ElectricTransformer (000001B9CAE16DF8)
[LOG] SoundI::release                          :     ElectricTransformer (000001B87A4C66B8)
[LOG] SoundI::release                          : ElectricTransformer (000001B91C217208)
[LOG] SoundI::release                          :     ElectricTransformer (000001B9CAE16AF8)
[LOG] SoundI::release                          :     ElectricTransformer (000001B87A4C7C98)
[LOG] SoundI::release                          : ElectricTransformer (000001B91C219AA8)
[LOG] SoundI::release                          :     ElectricTransformer (000001B9CAE16078)
[LOG] SoundI::release                          :     ElectricTransformer (000001B87A4C8C38)
[LOG] SystemI::createSound                     : filename = ../../../SON/FMOD Proyecto Final/ProyectoFinal/Build/Desktop/Light.bank : mode 02010082
[LOG] SystemI::createSound                     : FMOD_NONBLOCKING specified.  Putting into queue to be opened asynchronously!
[LOG] AsyncThread::getAsyncThread              : index = 0 / 5
[LOG] AsyncThread::add                         : add sound to async queue : soundi = 000001B91C217CF8, queue head = 000001B939D72E88, queue count = 0
[LOG] AsyncThread::threadFunc                  : Starting Asynchronous operation on sound 000001B91C217CF8
[LOG] SystemI::createSoundInternal             :     Create name='../../../SON/FMOD Proyecto Final/ProyectoFinal/Build/Desktop/Light.bank', mode=0x02010082
[LOG] SystemI::createSoundInternal             :     exinfo->cbsize             = 224
[LOG] SystemI::createSoundInternal             :     exinfo->length             = 449920
[LOG] SystemI::createSoundInternal             :     exinfo->fileoffset         = 2080
[LOG] SystemI::createSoundInternal             :     exinfo->numsubsounds       = 1
[LOG] SystemI::createSoundInternal             :     exinfo->inclusionlist      = 000001B93D528A98
[LOG] SystemI::createSoundInternal             :     exinfo->inclusionlistnum   = 1
[LOG] SystemI::createSoundInternal             :     exinfo->suggestedsoundtype = 5
[LOG] SystemI::createSoundInternal             :     exinfo->initialseekpostype = 1
[LOG] SystemI::createSoundInternal             :     Stream 0/1: name='ElectricTransformer', format=5, channels=2, frequency=48000, lengthbytes=449312, lengthpcm=2884608, pcmblocksize=0, loopstart=0, loopend=0, mode=0x00000000, channelmask=0x00000000, channelorder=0, peakvolume=0.125000.
[LOG] AsyncThread::threadFunc                  : Finished Asynchronous operation on sound 000001B91C217CF8
[LOG] SystemI::createSound                     : filename = ../../../SON/FMOD Proyecto Final/ProyectoFinal/Build/Desktop/Light.bank : mode 02010082
[LOG] SystemI::createSound                     : FMOD_NONBLOCKING specified.  Putting into queue to be opened asynchronously!
[LOG] AsyncThread::getAsyncThread              : index = 0 / 5
[LOG] AsyncThread::add                         : add sound to async queue : soundi = 000001B91C2187E8, queue head = 000001B939D72E88, queue count = 0
[LOG] AsyncThread::threadFunc                  : Starting Asynchronous operation on sound 000001B91C2187E8
[LOG] SystemI::createSound                     :     filename = ../../../SON/FMOD Proyecto Final/ProyectoFinal/Build/Desktop/Light.bank : mode 02010082
[LOG] SystemI::createSoundInternal             :     Create name='../../../SON/FMOD Proyecto Final/ProyectoFinal/Build/Desktop/Light.bank', mode=0x02010082
[LOG] SystemI::createSound                     :     FMOD_NONBLOCKING specified.  Putting into queue to be opened asynchronously!
[LOG] SystemI::createSoundInternal             :     exinfo->cbsize             = 224
[LOG] AsyncThread::getAsyncThread              :     index = 0 / 5
[LOG] SystemI::createSoundInternal             :     exinfo->length             = 449920
[LOG] AsyncThread::add                         :     add sound to async queue : soundi = 000001B91C219148, queue head = 000001B939D72E88, queue count = 0
[LOG] SystemI::createSoundInternal             :     exinfo->fileoffset         = 2080
[LOG] SystemI::createSoundInternal             :     exinfo->numsubsounds       = 1
[LOG] SystemI::createSoundInternal             :     exinfo->inclusionlist      = 000001B93D526F18
[LOG] SystemI::createSoundInternal             :     exinfo->inclusionlistnum   = 1
[LOG] SystemI::createSoundInternal             :     exinfo->suggestedsoundtype = 5
[LOG] SystemI::createSoundInternal             :     exinfo->initialseekpostype = 1
[LOG] SystemI::createSoundInternal             :     Stream 0/1: name='ElectricTransformer', format=5, channels=2, frequency=48000, lengthbytes=449312, lengthpcm=2884608, pcmblocksize=0, loopstart=0, loopend=0, mode=0x00000000, channelmask=0x00000000, channelorder=0, peakvolume=0.125000.
[LOG] AsyncThread::threadFunc                  : Finished Asynchronous operation on sound 000001B91C2187E8
[LOG] AsyncThread::threadFunc                  : Starting Asynchronous operation on sound 000001B91C219148
[LOG] SystemI::createSoundInternal             :     Create name='../../../SON/FMOD Proyecto Final/ProyectoFinal/Build/Desktop/Light.bank', mode=0x02010082
[LOG] SystemI::createSoundInternal             :     exinfo->cbsize             = 224
[LOG] SystemI::createSoundInternal             :     exinfo->length             = 449920
[LOG] SystemI::createSoundInternal             :     exinfo->fileoffset         = 2080
[LOG] SystemI::createSoundInternal             :     exinfo->numsubsounds       = 1
[LOG] SystemI::createSoundInternal             :     exinfo->inclusionlist      = 000001B93D528518
[LOG] SystemI::createSoundInternal             :     exinfo->inclusionlistnum   = 1
[LOG] SystemI::createSoundInternal             :     exinfo->suggestedsoundtype = 5
[LOG] SystemI::createSoundInternal             :     exinfo->initialseekpostype = 1
[LOG] SystemI::createSoundInternal             :     Stream 0/1: name='ElectricTransformer', format=5, channels=2, frequency=48000, lengthbytes=449312, lengthpcm=2884608, pcmblocksize=0, loopstart=0, loopend=0, mode=0x00000000, channelmask=0x00000000, channelorder=0, peakvolume=0.125000.
[LOG] AsyncThread::threadFunc                  : Finished Asynchronous operation on sound 000001B91C219148
[LOG] SystemI::createSound                     : filename = ../../../SON/FMOD Proyecto Final/ProyectoFinal/Build/Desktop/Light.bank : mode 02010082
[LOG] SystemI::createSound                     : FMOD_NONBLOCKING specified.  Putting into queue to be opened asynchronously!
[LOG] AsyncThread::getAsyncThread              : index = 0 / 5
[LOG] AsyncThread::add                         : add sound to async queue : soundi = 000001B91C2195F8, queue head = 000001B939D72E88, queue count = 0
[LOG] AsyncThread::threadFunc                  : Starting Asynchronous operation on sound 000001B91C2195F8
[LOG] SystemI::createSoundInternal             :     Create name='../../../SON/FMOD Proyecto Final/ProyectoFinal/Build/Desktop/Light.bank', mode=0x02010082
[LOG] SystemI::createSoundInternal             :     exinfo->cbsize             = 224
[LOG] SystemI::createSoundInternal             :     exinfo->length             = 449920
[LOG] SystemI::createSoundInternal             :     exinfo->fileoffset         = 2080
[LOG] SystemI::createSoundInternal             :     exinfo->numsubsounds       = 1
[LOG] SystemI::createSoundInternal             :     exinfo->inclusionlist      = 000001B93D5250D8
[LOG] SystemI::createSoundInternal             :     exinfo->inclusionlistnum   = 1
[LOG] SystemI::createSoundInternal             :     exinfo->suggestedsoundtype = 5
[LOG] SystemI::createSoundInternal             :     exinfo->initialseekpostype = 1
[LOG] SystemI::createSoundInternal             :     Stream 0/1: name='ElectricTransformer', format=5, channels=2, frequency=48000, lengthbytes=449312, lengthpcm=2884608, pcmblocksize=0, loopstart=0, loopend=0, mode=0x00000000, channelmask=0x00000000, channelorder=0, peakvolume=0.125000.
[LOG] AsyncThread::threadFunc                  : Finished Asynchronous operation on sound 000001B91C2195F8
[LOG] SoundI::release                          : ElectricTransformer (000001B91C2187E8)
[LOG] SoundI::release                          :     ElectricTransformer (000001B9CAE16978)
[LOG] SoundI::release                          :     ElectricTransformer (000001B9C558E9D8)
[LOG] SoundI::release                          : ElectricTransformer (000001B91C219F58)
[LOG] SoundI::release                          :     ElectricTransformer (000001B8FFAF0C48)
[LOG] SoundI::release                          :     ElectricTransformer (000001B87A4C82D8)
[LOG] SoundI::release                          : ElectricTransformer (000001B91C217CF8)
[LOG] SoundI::release                          :     ElectricTransformer (000001B84E7561A8)
[LOG] SoundI::release                          :     ElectricTransformer (000001B9C558F7E8)
[LOG] SystemI::createSound                     : filename = ../../../SON/FMOD Proyecto Final/ProyectoFinal/Build/Desktop/Light.bank : mode 02010082
[LOG] SystemI::createSound                     : FMOD_NONBLOCKING specified.  Putting into queue to be opened asynchronously!
[LOG] AsyncThread::getAsyncThread              : index = 0 / 5
[LOG] AsyncThread::add                         : add sound to async queue : soundi = 000001B91C216BC8, queue head = 000001B939D72E88, queue count = 0
[LOG] AsyncThread::threadFunc                  : Starting Asynchronous operation on sound 000001B91C216BC8
[LOG] SystemI::createSound                     : filename = ../../../SON/FMOD Proyecto Final/ProyectoFinal/Build/Desktop/Light.bank : mode 02010082
[LOG] SystemI::createSoundInternal             :     Create name='../../../SON/FMOD Proyecto Final/ProyectoFinal/Build/Desktop/Light.bank', mode=0x02010082
[LOG] SystemI::createSound                     :     FMOD_NONBLOCKING specified.  Putting into queue to be opened asynchronously!
[LOG] SystemI::createSoundInternal             :     exinfo->cbsize             = 224
[LOG] AsyncThread::getAsyncThread              :     index = 0 / 5
[LOG] SystemI::createSoundInternal             :     exinfo->length             = 449920
[LOG] AsyncThread::add                         :     add sound to async queue : soundi = 000001B91C219788, queue head = 000001B939D72E88, queue count = 0
[LOG] SystemI::createSoundInternal             :     exinfo->fileoffset         = 2080
[LOG] SystemI::createSoundInternal             :     exinfo->numsubsounds       = 1
[LOG] SystemI::createSoundInternal             :     exinfo->inclusionlist      = 000001B93D528A98
[LOG] SystemI::createSoundInternal             :     exinfo->inclusionlistnum   = 1
[LOG] SoundI::release                          :     ElectricTransformer (000001B91C2195F8)
[LOG] SystemI::createSoundInternal             :     exinfo->suggestedsoundtype = 5
[LOG] SystemI::createSoundInternal             :         exinfo->initialseekpostype = 1
[LOG] SoundI::release                          :         ElectricTransformer (000001B9CAE16378)
[LOG] SoundI::release                          :         ElectricTransformer (000001B9C558FC98)
[LOG] SystemI::createSoundInternal             :     Stream 0/1: name='ElectricTransformer', format=5, channels=2, frequency=48000, lengthbytes=449312, lengthpcm=2884608, pcmblocksize=0, loopstart=0, loopend=0, mode=0x00000000, channelmask=0x00000000, channelorder=0, peakvolume=0.125000.
[LOG] AsyncThread::threadFunc                  : Finished Asynchronous operation on sound 000001B91C216BC8
[LOG] AsyncThread::threadFunc                  : Starting Asynchronous operation on sound 000001B91C219788
[LOG] SystemI::createSoundInternal             :     Create name='../../../SON/FMOD Proyecto Final/ProyectoFinal/Build/Desktop/Light.bank', mode=0x02010082
[LOG] SystemI::createSoundInternal             :     exinfo->cbsize             = 224
[LOG] SystemI::createSoundInternal             :     exinfo->length             = 449920
[LOG] SystemI::createSoundInternal             :     exinfo->fileoffset         = 2080
[LOG] SystemI::createSoundInternal             :     exinfo->numsubsounds       = 1
[LOG] SystemI::createSoundInternal             :     exinfo->inclusionlist      = 000001B93D5249F8
[LOG] SystemI::createSoundInternal             :     exinfo->inclusionlistnum   = 1
[LOG] SystemI::createSoundInternal             :     exinfo->suggestedsoundtype = 5
[LOG] SystemI::createSoundInternal             :     exinfo->initialseekpostype = 1
[LOG] SystemI::createSoundInternal             :     Stream 0/1: name='ElectricTransformer', format=5, channels=2, frequency=48000, lengthbytes=449312, lengthpcm=2884608, pcmblocksize=0, loopstart=0, loopend=0, mode=0x00000000, channelmask=0x00000000, channelorder=0, peakvolume=0.125000.
[LOG] AsyncThread::threadFunc                  : Finished Asynchronous operation on sound 000001B91C219788
[LOG] SystemI::createSound                     : filename = ../../../SON/FMOD Proyecto Final/ProyectoFinal/Build/Desktop/Light.bank : mode 02010082
[LOG] SystemI::createSound                     : FMOD_NONBLOCKING specified.  Putting into queue to be opened asynchronously!
[LOG] AsyncThread::getAsyncThread              : index = 0 / 5
[LOG] AsyncThread::add                         : add sound to async queue : soundi = 000001B91C2181A8, queue head = 000001B939D72E88, queue count = 0
[LOG] AsyncThread::threadFunc                  : Starting Asynchronous operation on sound 000001B91C2181A8
[LOG] SoundI::release                          : ElectricTransformer (000001B91C216BC8)
[LOG] SystemI::createSoundInternal             :     Create name='../../../SON/FMOD Proyecto Final/ProyectoFinal/Build/Desktop/Light.bank', mode=0x02010082
[LOG] SystemI::createSoundInternal             :         exinfo->cbsize             = 224
[LOG] SystemI::createSoundInternal             :         exinfo->length             = 449920
[LOG] SystemI::createSoundInternal             :         exinfo->fileoffset         = 2080
[LOG] SoundI::release                          :         ElectricTransformer (000001B9CAE161F8)
[LOG] SystemI::createSoundInternal             :         exinfo->numsubsounds       = 1
[LOG] SoundI::release                          :         ElectricTransformer (000001B9C55918B8)
[LOG] SystemI::createSoundInternal             :         exinfo->inclusionlist      = 000001B93D525658
[LOG] SystemI::createSoundInternal             :     exinfo->inclusionlistnum   = 1
[LOG] SystemI::createSoundInternal             :     exinfo->suggestedsoundtype = 5
[LOG] SystemI::createSoundInternal             :     exinfo->initialseekpostype = 1
[LOG] SystemI::createSoundInternal             :     Stream 0/1: name='ElectricTransformer', format=5, channels=2, frequency=48000, lengthbytes=449312, lengthpcm=2884608, pcmblocksize=0, loopstart=0, loopend=0, mode=0x00000000, channelmask=0x00000000, channelorder=0, peakvolume=0.125000.
[LOG] AsyncThread::threadFunc                  : Finished Asynchronous operation on sound 000001B91C2181A8
[LOG] SoundI::release                          : ElectricTransformer (000001B91C2181A8)
[LOG] SoundI::release                          :     ElectricTransformer (000001B9CAE16978)
[LOG] SoundI::release                          :     ElectricTransformer (000001B9C5591408)
[LOG] SystemI::createSound                     : filename = ../../../SON/FMOD Proyecto Final/ProyectoFinal/Build/Desktop/Light.bank : mode 02010082
[LOG] SystemI::createSound                     : FMOD_NONBLOCKING specified.  Putting into queue to be opened asynchronously!
[LOG] AsyncThread::getAsyncThread              : index = 0 / 5
[LOG] AsyncThread::add                         : add sound to async queue : soundi = 000001B91C217CF8, queue head = 000001B939D72E88, queue count = 0
[LOG] AsyncThread::threadFunc                  : Starting Asynchronous operation on sound 000001B91C217CF8
[LOG] SystemI::createSoundInternal             :     Create name='../../../SON/FMOD Proyecto Final/ProyectoFinal/Build/Desktop/Light.bank', mode=0x02010082
[LOG] SystemI::createSoundInternal             :     exinfo->cbsize             = 224
[LOG] SystemI::createSoundInternal             :     exinfo->length             = 449920
[LOG] SystemI::createSoundInternal             :     exinfo->fileoffset         = 2080
[LOG] SystemI::createSoundInternal             :     exinfo->numsubsounds       = 1
[LOG] SystemI::createSoundInternal             :     exinfo->inclusionlist      = 000001B93D527B78
[LOG] SystemI::createSoundInternal             :     exinfo->inclusionlistnum   = 1
[LOG] SystemI::createSoundInternal             :     exinfo->suggestedsoundtype = 5
[LOG] SystemI::createSoundInternal             :     exinfo->initialseekpostype = 1
[LOG] SystemI::createSoundInternal             :     Stream 0/1: name='ElectricTransformer', format=5, channels=2, frequency=48000, lengthbytes=449312, lengthpcm=2884608, pcmblocksize=0, loopstart=0, loopend=0, mode=0x00000000, channelmask=0x00000000, channelorder=0, peakvolume=0.125000.
[LOG] AsyncThread::threadFunc                  : Finished Asynchronous operation on sound 000001B91C217CF8
[LOG] SystemI::createSound                     : filename = ../../../SON/FMOD Proyecto Final/ProyectoFinal/Build/Desktop/Light.bank : mode 02010082
[LOG] SystemI::createSound                     : FMOD_NONBLOCKING specified.  Putting into queue to be opened asynchronously!
[LOG] AsyncThread::getAsyncThread              : index = 0 / 5
[LOG] AsyncThread::add                         : add sound to async queue : soundi = 000001B91C216BC8, queue head = 000001B939D72E88, queue count = 0
[LOG] AsyncThread::threadFunc                  : Starting Asynchronous operation on sound 000001B91C216BC8
[LOG] SystemI::createSoundInternal             :     Create name='../../../SON/FMOD Proyecto Final/ProyectoFinal/Build/Desktop/Light.bank', mode=0x02010082
[LOG] SystemI::createSoundInternal             :     exinfo->cbsize             = 224
[LOG] SystemI::createSoundInternal             :     exinfo->length             = 449920
[LOG] SystemI::createSoundInternal             :     exinfo->fileoffset         = 2080
[LOG] SystemI::createSoundInternal             :     exinfo->numsubsounds       = 1
[LOG] SystemI::createSoundInternal             :     exinfo->inclusionlist      = 000001B93D525E98
[LOG] SystemI::createSoundInternal             :     exinfo->inclusionlistnum   = 1
[LOG] SystemI::createSoundInternal             :     exinfo->suggestedsoundtype = 5
[LOG] SystemI::createSoundInternal             :     exinfo->initialseekpostype = 1
[LOG] SystemI::createSoundInternal             :     Stream 0/1: name='ElectricTransformer', format=5, channels=2, frequency=48000, lengthbytes=449312, lengthpcm=2884608, pcmblocksize=0, loopstart=0, loopend=0, mode=0x00000000, channelmask=0x00000000, channelorder=0, peakvolume=0.125000.
[LOG] AsyncThread::threadFunc                  : Finished Asynchronous operation on sound 000001B91C216BC8
[LOG] SystemI::createSound                     : filename = ../../../SON/FMOD Proyecto Final/ProyectoFinal/Build/Desktop/Light.bank : mode 02010082
[LOG] SystemI::createSound                     : FMOD_NONBLOCKING specified.  Putting into queue to be opened asynchronously!
[LOG] AsyncThread::getAsyncThread              : index = 0 / 5
[LOG] AsyncThread::add                         : add sound to async queue : soundi = 000001B91C217208, queue head = 000001B939D72E88, queue count = 0
[LOG] AsyncThread::threadFunc                  : Starting Asynchronous operation on sound 000001B91C217208
[LOG] SystemI::createSoundInternal             :     Create name='../../../SON/FMOD Proyecto Final/ProyectoFinal/Build/Desktop/Light.bank', mode=0x02010082
[LOG] SystemI::createSoundInternal             :     exinfo->cbsize             = 224
[LOG] SystemI::createSoundInternal             :     exinfo->length             = 449920
[LOG] SystemI::createSoundInternal             :     exinfo->fileoffset         = 2080
[LOG] SystemI::createSoundInternal             :     exinfo->numsubsounds       = 1
[LOG] SystemI::createSoundInternal             :     exinfo->inclusionlist      = 000001B93D5250D8
[LOG] SystemI::createSoundInternal             :     exinfo->inclusionlistnum   = 1
[LOG] SystemI::createSoundInternal             :     exinfo->suggestedsoundtype = 5
[LOG] SystemI::createSoundInternal             :     exinfo->initialseekpostype = 1
[LOG] SystemI::createSoundInternal             :     Stream 0/1: name='ElectricTransformer', format=5, channels=2, frequency=48000, lengthbytes=449312, lengthpcm=2884608, pcmblocksize=0, loopstart=0, loopend=0, mode=0x00000000, channelmask=0x00000000, channelorder=0, peakvolume=0.125000.
[LOG] AsyncThread::threadFunc                  : Finished Asynchronous operation on sound 000001B91C217208
[LOG] SoundI::release                          : ElectricTransformer (000001B91C217CF8)
[LOG] SoundI::release                          :     ElectricTransformer (000001B9CAE16C78)
[LOG] SoundI::release                          :     ElectricTransformer (000001B9C558EE88)
[LOG] SoundI::release                          : ElectricTransformer (000001B91C217208)
[LOG] SoundI::release                          :     ElectricTransformer (000001B9CAE161F8)
[LOG] SoundI::release                          :     ElectricTransformer (000001B9C5590148)
[LOG] SoundI::release                          : ElectricTransformer (000001B91C219788)
[LOG] SoundI::release                          :     ElectricTransformer (000001B9CAE16AF8)
[LOG] SoundI::release                          :     ElectricTransformer (000001B9C5590788)
[LOG] SystemI::createSound                     : filename = ../../../SON/FMOD Proyecto Final/ProyectoFinal/Build/Desktop/Light.bank : mode 02010082
[LOG] SystemI::createSound                     : FMOD_NONBLOCKING specified.  Putting into queue to be opened asynchronously!
[LOG] AsyncThread::getAsyncThread              : index = 0 / 5
[LOG] AsyncThread::add                         : add sound to async queue : soundi = 000001B91C2181A8, queue head = 000001B939D72E88, queue count = 0
[LOG] AsyncThread::threadFunc                  : Starting Asynchronous operation on sound 000001B91C2181A8
[LOG] SystemI::createSoundInternal             :     Create name='../../../SON/FMOD Proyecto Final/ProyectoFinal/Build/Desktop/Light.bank', mode=0x02010082
[LOG] SystemI::createSoundInternal             :     exinfo->cbsize             = 224
[LOG] SystemI::createSoundInternal             :     exinfo->length             = 449920
[LOG] SystemI::createSoundInternal             :     exinfo->fileoffset         = 2080
[LOG] SystemI::createSoundInternal             :     exinfo->numsubsounds       = 1
[LOG] SystemI::createSoundInternal             :     exinfo->inclusionlist      = 000001B93D525658
[LOG] SystemI::createSoundInternal             :     exinfo->inclusionlistnum   = 1
[LOG] SystemI::createSoundInternal             :     exinfo->suggestedsoundtype = 5
[LOG] SystemI::createSoundInternal             :     exinfo->initialseekpostype = 1
[LOG] SystemI::createSoundInternal             :     Stream 0/1: name='ElectricTransformer', format=5, channels=2, frequency=48000, lengthbytes=449312, lengthpcm=2884608, pcmblocksize=0, loopstart=0, loopend=0, mode=0x00000000, channelmask=0x00000000, channelorder=0, peakvolume=0.125000.
[LOG] AsyncThread::threadFunc                  : Finished Asynchronous operation on sound 000001B91C2181A8
[LOG] SystemI::createSound                     : filename = ../../../SON/FMOD Proyecto Final/ProyectoFinal/Build/Desktop/Light.bank : mode 02010082
[LOG] SystemI::createSound                     : FMOD_NONBLOCKING specified.  Putting into queue to be opened asynchronously!
[LOG] AsyncThread::getAsyncThread              : index = 0 / 5
[LOG] AsyncThread::add                         : add sound to async queue : soundi = 000001B91C217208, queue head = 000001B939D72E88, queue count = 0
[LOG] AsyncThread::threadFunc                  : Starting Asynchronous operation on sound 000001B91C217208
[LOG] SystemI::createSoundInternal             :     Create name='../../../SON/FMOD Proyecto Final/ProyectoFinal/Build/Desktop/Light.bank', mode=0x02010082
[LOG] SystemI::createSoundInternal             :     exinfo->cbsize             = 224
[LOG] SystemI::createSoundInternal             :     exinfo->length             = 449920
[LOG] SystemI::createSoundInternal             :     exinfo->fileoffset         = 2080
[LOG] SystemI::createSoundInternal             :     exinfo->numsubsounds       = 1
[LOG] SystemI::createSoundInternal             :     exinfo->inclusionlist      = 000001B93D526C58
[LOG] SystemI::createSoundInternal             :     exinfo->inclusionlistnum   = 1
[LOG] SystemI::createSoundInternal             :     exinfo->suggestedsoundtype = 5
[LOG] SystemI::createSoundInternal             :     exinfo->initialseekpostype = 1
[LOG] SystemI::createSoundInternal             :     Stream 0/1: name='ElectricTransformer', format=5, channels=2, frequency=48000, lengthbytes=449312, lengthpcm=2884608, pcmblocksize=0, loopstart=0, loopend=0, mode=0x00000000, channelmask=0x00000000, channelorder=0, peakvolume=0.125000.
[LOG] AsyncThread::threadFunc                  : Finished Asynchronous operation on sound 000001B91C217208
[LOG] SoundI::release                          : ElectricTransformer (000001B91C219148)
[LOG] SoundI::release                          :     ElectricTransformer (000001B9CAE16DF8)
[LOG] SoundI::release                          :     ElectricTransformer (000001B9C558ECF8)
[LOG] SoundI::release                          : ElectricTransformer (000001B91C216BC8)
[LOG] SoundI::release                          :     ElectricTransformer (000001B9CAE16078)
[LOG] SoundI::release                          :     ElectricTransformer (000001B9C558F018)
[LOG] SystemI::createSound                     : filename = ../../../SON/FMOD Proyecto Final/ProyectoFinal/Build/Desktop/Light.bank : mode 02010082
[LOG] SystemI::createSound                     : FMOD_NONBLOCKING specified.  Putting into queue to be opened asynchronously!
[LOG] AsyncThread::getAsyncThread              : index = 0 / 5
[LOG] AsyncThread::add                         : add sound to async queue : soundi = 000001B91C217E88, queue head = 000001B939D72E88, queue count = 0
[LOG] AsyncThread::threadFunc                  : Starting Asynchronous operation on sound 000001B91C217E88
[LOG] SystemI::createSoundInternal             :     Create name='../../../SON/FMOD Proyecto Final/ProyectoFinal/Build/Desktop/Light.bank', mode=0x02010082
[LOG] SystemI::createSoundInternal             :     exinfo->cbsize             = 224
[LOG] SystemI::createSoundInternal             :     exinfo->length             = 449920
[LOG] SystemI::createSoundInternal             :     exinfo->fileoffset         = 2080
[LOG] SystemI::createSoundInternal             :     exinfo->numsubsounds       = 1
[LOG] SystemI::createSoundInternal             :     exinfo->inclusionlist      = 000001B93D5249F8
[LOG] SystemI::createSoundInternal             :     exinfo->inclusionlistnum   = 1
[LOG] SystemI::createSoundInternal             :     exinfo->suggestedsoundtype = 5
[LOG] SystemI::createSoundInternal             :     exinfo->initialseekpostype = 1
[LOG] SystemI::createSoundInternal             :     Stream 0/1: name='ElectricTransformer', format=5, channels=2, frequency=48000, lengthbytes=449312, lengthpcm=2884608, pcmblocksize=0, loopstart=0, loopend=0, mode=0x00000000, channelmask=0x00000000, channelorder=0, peakvolume=0.125000.
[LOG] AsyncThread::threadFunc                  : Finished Asynchronous operation on sound 000001B91C217E88
[LOG] SoundI::release                          : ElectricTransformer (000001B91C217E88)
[LOG] SoundI::release                          :     ElectricTransformer (000001B93880A0F8)
[LOG] SoundI::release                          :     ElectricTransformer (000001B8763789A8)
[LOG] SystemI::createSound                     : filename = ../../../SON/FMOD Proyecto Final/ProyectoFinal/Build/Desktop/Light.bank : mode 02010082
[LOG] SystemI::createSound                     : FMOD_NONBLOCKING specified.  Putting into queue to be opened asynchronously!
[LOG] AsyncThread::getAsyncThread              : index = 0 / 5
[LOG] AsyncThread::add                         : add sound to async queue : soundi = 000001B91C219148, queue head = 000001B939D72E88, queue count = 0
[LOG] AsyncThread::threadFunc                  : Starting Asynchronous operation on sound 000001B91C219148
[LOG] SystemI::createSoundInternal             :     Create name='../../../SON/FMOD Proyecto Final/ProyectoFinal/Build/Desktop/Light.bank', mode=0x02010082
[LOG] SystemI::createSoundInternal             :     exinfo->cbsize             = 224
[LOG] SystemI::createSoundInternal             :     exinfo->length             = 449920
[LOG] SystemI::createSoundInternal             :     exinfo->fileoffset         = 2080
[LOG] SystemI::createSoundInternal             :     exinfo->numsubsounds       = 1
[LOG] SystemI::createSoundInternal             :     exinfo->inclusionlist      = 000001B93D525FF8
[LOG] SystemI::createSoundInternal             :     exinfo->inclusionlistnum   = 1
[LOG] SystemI::createSoundInternal             :     exinfo->suggestedsoundtype = 5
[LOG] SystemI::createSoundInternal             :     exinfo->initialseekpostype = 1
[LOG] SystemI::createSoundInternal             :     Stream 0/1: name='ElectricTransformer', format=5, channels=2, frequency=48000, lengthbytes=449312, lengthpcm=2884608, pcmblocksize=0, loopstart=0, loopend=0, mode=0x00000000, channelmask=0x00000000, channelorder=0, peakvolume=0.125000.
[LOG] AsyncThread::threadFunc                  : Finished Asynchronous operation on sound 000001B91C219148
[LOG] SoundI::release                          : ElectricTransformer (000001B91C219148)
[LOG] SoundI::release                          :     ElectricTransformer (000001B93880A578)
[LOG] SoundI::release                          :     ElectricTransformer (000001B876377A08)
[LOG] SoundI::release                          : ElectricTransformer (000001B91C2181A8)
[LOG] SoundI::release                          :     ElectricTransformer (000001B9CAE16C78)
[LOG] SoundI::release                          :     ElectricTransformer (000001B9C5590F58)
[LOG] SystemI::createSound                     : filename = ../../../SON/FMOD Proyecto Final/ProyectoFinal/Build/Desktop/Light.bank : mode 02010082
[LOG] SystemI::createSound                     : FMOD_NONBLOCKING specified.  Putting into queue to be opened asynchronously!
[LOG] AsyncThread::getAsyncThread              : index = 0 / 5
[LOG] AsyncThread::add                         : add sound to async queue : soundi = 000001B91C219F58, queue head = 000001B939D72E88, queue count = 0
[LOG] AsyncThread::threadFunc                  : Starting Asynchronous operation on sound 000001B91C219F58
[LOG] SystemI::createSoundInternal             :     Create name='../../../SON/FMOD Proyecto Final/ProyectoFinal/Build/Desktop/Light.bank', mode=0x02010082
[LOG] SystemI::createSoundInternal             :     exinfo->cbsize             = 224
[LOG] SystemI::createSoundInternal             :     exinfo->length             = 449920
[LOG] SystemI::createSoundInternal             :     exinfo->fileoffset         = 2080
[LOG] SystemI::createSoundInternal             :     exinfo->numsubsounds       = 1
[LOG] SystemI::createSoundInternal             :     exinfo->inclusionlist      = 000001B93D526838
[LOG] SystemI::createSoundInternal             :     exinfo->inclusionlistnum   = 1
[LOG] SystemI::createSoundInternal             :     exinfo->suggestedsoundtype = 5
[LOG] SystemI::createSoundInternal             :     exinfo->initialseekpostype = 1
[LOG] SystemI::createSoundInternal             :     Stream 0/1: name='ElectricTransformer', format=5, channels=2, frequency=48000, lengthbytes=449312, lengthpcm=2884608, pcmblocksize=0, loopstart=0, loopend=0, mode=0x00000000, channelmask=0x00000000, channelorder=0, peakvolume=0.125000.
[LOG] AsyncThread::threadFunc                  : Finished Asynchronous operation on sound 000001B91C219F58
[LOG] SoundI::release                          : ElectricTransformer (000001B91C217208)
[LOG] SoundI::release                          :     ElectricTransformer (000001B9CAE161F8)
[LOG] SoundI::release                          :     ElectricTransformer (000001B9C5590918)
[LOG] SystemI::createSound                     : filename = ../../../SON/FMOD Proyecto Final/ProyectoFinal/Build/Desktop/Light.bank : mode 02010082
[LOG] SystemI::createSound                     : FMOD_NONBLOCKING specified.  Putting into queue to be opened asynchronously!
[LOG] AsyncThread::getAsyncThread              : index = 0 / 5
[LOG] AsyncThread::add                         : add sound to async queue : soundi = 000001B91C217398, queue head = 000001B939D72E88, queue count = 0
[LOG] AsyncThread::threadFunc                  : Starting Asynchronous operation on sound 000001B91C217398
[LOG] SystemI::createSoundInternal             :     Create name='../../../SON/FMOD Proyecto Final/ProyectoFinal/Build/Desktop/Light.bank', mode=0x02010082
[LOG] SystemI::createSoundInternal             :     exinfo->cbsize             = 224
[LOG] SystemI::createSoundInternal             :     exinfo->length             = 449920
[LOG] SystemI::createSoundInternal             :     exinfo->fileoffset         = 2080
[LOG] SystemI::createSoundInternal             :     exinfo->numsubsounds       = 1
[LOG] SystemI::createSoundInternal             :     exinfo->inclusionlist      = 000001B93D525D38
[LOG] SystemI::createSoundInternal             :     exinfo->inclusionlistnum   = 1
[LOG] SystemI::createSoundInternal             :     exinfo->suggestedsoundtype = 5
[LOG] SystemI::createSoundInternal             :     exinfo->initialseekpostype = 1
[LOG] SystemI::createSoundInternal             :     Stream 0/1: name='ElectricTransformer', format=5, channels=2, frequency=48000, lengthbytes=449312, lengthpcm=2884608, pcmblocksize=0, loopstart=0, loopend=0, mode=0x00000000, channelmask=0x00000000, channelorder=0, peakvolume=0.125000.
[LOG] AsyncThread::threadFunc                  : Finished Asynchronous operation on sound 000001B91C217398
[LOG] SystemI::createSound                     : filename = ../../../SON/FMOD Proyecto Final/ProyectoFinal/Build/Desktop/Light.bank : mode 02010082
[LOG] SystemI::createSound                     : FMOD_NONBLOCKING specified.  Putting into queue to be opened asynchronously!
[LOG] AsyncThread::getAsyncThread              : index = 0 / 5
[LOG] AsyncThread::add                         : add sound to async queue : soundi = 000001B91C2181A8, queue head = 000001B939D72E88, queue count = 0
[LOG] AsyncThread::threadFunc                  : Starting Asynchronous operation on sound 000001B91C2181A8
[LOG] SystemI::createSoundInternal             :     Create name='../../../SON/FMOD Proyecto Final/ProyectoFinal/Build/Desktop/Light.bank', mode=0x02010082
[LOG] SystemI::createSoundInternal             :     exinfo->cbsize             = 224
[LOG] SystemI::createSoundInternal             :     exinfo->length             = 449920
[LOG] SystemI::createSoundInternal             :     exinfo->fileoffset         = 2080
[LOG] SystemI::createSoundInternal             :     exinfo->numsubsounds       = 1
[LOG] SystemI::createSoundInternal             :     exinfo->inclusionlist      = 000001B93D526C58
[LOG] SystemI::createSoundInternal             :     exinfo->inclusionlistnum   = 1
[LOG] SystemI::createSoundInternal             :     exinfo->suggestedsoundtype = 5
[LOG] SystemI::createSoundInternal             :     exinfo->initialseekpostype = 1
[LOG] SystemI::createSoundInternal             :     Stream 0/1: name='ElectricTransformer', format=5, channels=2, frequency=48000, lengthbytes=449312, lengthpcm=2884608, pcmblocksize=0, loopstart=0, loopend=0, mode=0x00000000, channelmask=0x00000000, channelorder=0, peakvolume=0.125000.
[LOG] AsyncThread::threadFunc                  : Finished Asynchronous operation on sound 000001B91C2181A8
[LOG] SoundI::release                          : ElectricTransformer (000001B91C219F58)
[LOG] SoundI::release                          :     ElectricTransformer (000001B93880A578)
[LOG] SoundI::release                          :     ElectricTransformer (000001B876378CC8)
[LOG] SoundI::release                          : ElectricTransformer (000001B91C2181A8)
[LOG] SoundI::release                          :     ElectricTransformer (000001B938809DF8)
[LOG] SoundI::release                          :     ElectricTransformer (000001B876378E58)
[LOG] SystemI::createSound                     : filename = ../../../SON/FMOD Proyecto Final/ProyectoFinal/Build/Desktop/Light.bank : mode 02010082
[LOG] SystemI::createSound                     : FMOD_NONBLOCKING specified.  Putting into queue to be opened asynchronously!
[LOG] AsyncThread::getAsyncThread              : index = 0 / 5
[LOG] AsyncThread::add                         : add sound to async queue : soundi = 000001B91C219DC8, queue head = 000001B939D72E88, queue count = 0
[LOG] AsyncThread::threadFunc                  : Starting Asynchronous operation on sound 000001B91C219DC8
[LOG] SystemI::createSoundInternal             :     Create name='../../../SON/FMOD Proyecto Final/ProyectoFinal/Build/Desktop/Light.bank', mode=0x02010082
[LOG] SystemI::createSoundInternal             :     exinfo->cbsize             = 224
[LOG] SystemI::createSoundInternal             :     exinfo->length             = 449920
[LOG] SystemI::createSound                     :     filename = ../../../SON/FMOD Proyecto Final/ProyectoFinal/Build/Desktop/Light.bank : mode 02010082
[LOG] SystemI::createSoundInternal             :     exinfo->fileoffset         = 2080
[LOG] SystemI::createSound                     :     FMOD_NONBLOCKING specified.  Putting into queue to be opened asynchronously!
[LOG] SystemI::createSoundInternal             :     exinfo->numsubsounds       = 1
[LOG] AsyncThread::getAsyncThread              :     index = 0 / 5
[LOG] SystemI::createSoundInternal             :     exinfo->inclusionlist      = 000001B93D525398
[LOG] AsyncThread::add                         :     add sound to async queue : soundi = 000001B91C218B08, queue head = 000001B939D72E88, queue count = 0
[LOG] SystemI::createSoundInternal             :     exinfo->inclusionlistnum   = 1
[LOG] SystemI::createSoundInternal             :     exinfo->suggestedsoundtype = 5
[LOG] SystemI::createSoundInternal             :     exinfo->initialseekpostype = 1
[LOG] SystemI::createSoundInternal             :     Create name='', mode=0x02000202
[LOG] SystemI::createSoundInternal             :     exinfo->cbsize             = 224
[LOG] SystemI::createSoundInternal             :     exinfo->length             = 230784
[LOG] SystemI::createSoundInternal             :     exinfo->fileoffset         = 14464
[LOG] SystemI::createSoundInternal             :     exinfo->numsubsounds       = 1
[LOG] SystemI::createSoundInternal             :     exinfo->inclusionlist      = 0000007BF064F188
[LOG] SystemI::createSoundInternal             :     exinfo->inclusionlistnum   = 1
[LOG] SystemI::createSoundInternal             :     exinfo->suggestedsoundtype = 5
[LOG] SystemI::createSoundInternal             :     exinfo->useropen           = 00007FFBA013D530
[LOG] SystemI::createSoundInternal             :     exinfo->userclose          = 00007FFBA013D4F0
[LOG] SystemI::createSoundInternal             :     Stream 0/1: name='ElectricTransformer', format=5, channels=2, frequency=48000, lengthbytes=449312, lengthpcm=2884608, pcmblocksize=0, loopstart=0, loopend=0, mode=0x00000000, channelmask=0x00000000, channelorder=0, peakvolume=0.125000.
[LOG] SystemI::createSoundInternal             :     exinfo->userread           = 00007FFBA013D610
[LOG] SystemI::createSoundInternal             :     exinfo->userseek           = 00007FFBA013D6D0
[LOG] SystemI::createSoundInternal             :     exinfo->fileuserdata       = 000001B84B504B68
[LOG] SystemI::createSoundInternal             :     exinfo->initialseekpostype = 1
[LOG] SystemI::DSPCodecPoolRegister            :     register codec pool for pool type 4
[LOG] SystemI::createSoundInternal             :     Sample 0/1: name='Hurt2', format=5, channels=2, frequency=48000, lengthbytes=10528, lengthpcm=50688, pcmblocksize=0, loopstart=0, loopend=0, mode=0x00000000, channelmask=0x00000000, channelorder=0, peakvolume=0.252991.
[LOG] SystemI::createSoundInternal             :     Create name='', mode=0x02000202
[LOG] SystemI::createSoundInternal             :     exinfo->cbsize             = 224
[LOG] SystemI::createSoundInternal             :     exinfo->length             = 230784
[LOG] SystemI::createSoundInternal             :     exinfo->fileoffset         = 14464
[LOG] SystemI::createSoundInternal             :     exinfo->numsubsounds       = 1
[LOG] SystemI::createSoundInternal             :     exinfo->inclusionlist      = 0000007BF064F188
[LOG] SystemI::createSoundInternal             :     exinfo->inclusionlistnum   = 1
[LOG] SystemI::createSoundInternal             :     exinfo->suggestedsoundtype = 5
[LOG] SystemI::createSoundInternal             :     exinfo->useropen           = 00007FFBA013D530
[LOG] SystemI::createSoundInternal             :     exinfo->userclose          = 00007FFBA013D4F0
[LOG] SystemI::createSoundInternal             :     exinfo->userread           = 00007FFBA013D610
[LOG] SystemI::createSoundInternal             :     exinfo->userseek           = 00007FFBA013D6D0
[LOG] SystemI::createSoundInternal             :     exinfo->fileuserdata       = 000001B84B504B68
[LOG] SystemI::createSoundInternal             :     exinfo->initialseekpostype = 1
[LOG] SystemI::DSPCodecPoolRegister            :     register codec pool for pool type 4
[LOG] SystemI::createSoundInternal             :     Sample 0/1: name='Hurt3', format=5, channels=2, frequency=48000, lengthbytes=9504, lengthpcm=44928, pcmblocksize=0, loopstart=0, loopend=0, mode=0x00000000, channelmask=0x00000000, channelorder=0, peakvolume=0.203796.
[LOG] SystemI::createSoundInternal             :     Create name='', mode=0x02000202
[LOG] SystemI::createSoundInternal             :     exinfo->cbsize             = 224
[LOG] SystemI::createSoundInternal             :     exinfo->length             = 230784
[LOG] SystemI::createSoundInternal             :     exinfo->fileoffset         = 14464
[LOG] SystemI::createSoundInternal             :     exinfo->numsubsounds       = 1
[LOG] SystemI::createSoundInternal             :     exinfo->inclusionlist      = 0000007BF064F188
[LOG] SystemI::createSoundInternal             :     exinfo->inclusionlistnum   = 1
[LOG] SystemI::createSoundInternal             :     exinfo->suggestedsoundtype = 5
[LOG] SystemI::createSoundInternal             :     exinfo->useropen           = 00007FFBA013D530
[LOG] SystemI::createSoundInternal             :     exinfo->userclose          = 00007FFBA013D4F0
[LOG] SystemI::createSoundInternal             :     exinfo->userread           = 00007FFBA013D610
[LOG] SystemI::createSoundInternal             :     exinfo->userseek           = 00007FFBA013D6D0
[LOG] SystemI::createSoundInternal             :     exinfo->fileuserdata       = 000001B84B504B68
[LOG] SystemI::createSoundInternal             :     exinfo->initialseekpostype = 1
[LOG] SystemI::DSPCodecPoolRegister            :     register codec pool for pool type 4
[LOG] SystemI::createSoundInternal             :     Sample 0/1: name='Hurt5', format=5, channels=2, frequency=48000, lengthbytes=9344, lengthpcm=42624, pcmblocksize=0, loopstart=0, loopend=0, mode=0x00000000, channelmask=0x00000000, channelorder=0, peakvolume=0.585693.
[LOG] SystemI::createSoundInternal             :     Create name='', mode=0x02000202
[LOG] SystemI::createSoundInternal             :     exinfo->cbsize             = 224
[LOG] SystemI::createSoundInternal             :     exinfo->length             = 230784
[LOG] SystemI::createSoundInternal             :     exinfo->fileoffset         = 14464
[LOG] SystemI::createSoundInternal             :     exinfo->numsubsounds       = 1
[LOG] SystemI::createSoundInternal             :     exinfo->inclusionlist      = 0000007BF064F188
[LOG] SystemI::createSoundInternal             :     exinfo->inclusionlistnum   = 1
[LOG] SystemI::createSoundInternal             :     exinfo->suggestedsoundtype = 5
[LOG] SystemI::createSoundInternal             :     exinfo->useropen           = 00007FFBA013D530
[LOG] SystemI::createSoundInternal             :     exinfo->userclose          = 00007FFBA013D4F0
[LOG] SystemI::createSoundInternal             :     exinfo->userread           = 00007FFBA013D610
[LOG] SystemI::createSoundInternal             :     exinfo->userseek           = 00007FFBA013D6D0
[LOG] SystemI::createSoundInternal             :     exinfo->fileuserdata       = 000001B84B504B68
[LOG] AsyncThread::threadFunc                  : Finished Asynchronous operation on sound 000001B91C219DC8
[LOG] SystemI::createSoundInternal             : exinfo->initialseekpostype = 1
[LOG] AsyncThread::threadFunc                  : Starting Asynchronous operation on sound 000001B91C218B08
[LOG] SystemI::DSPCodecPoolRegister            : register codec pool for pool type 4
[LOG] SystemI::createSoundInternal             :     Create name='../../../SON/FMOD Proyecto Final/ProyectoFinal/Build/Desktop/Light.bank', mode=0x02010082
[LOG] SystemI::createSoundInternal             :     Sample 0/1: name='Hurt1', format=5, channels=2, frequency=48000, lengthbytes=7360, lengthpcm=34560, pcmblocksize=0, loopstart=0, loopend=0, mode=0x00000000, channelmask=0x00000000, channelorder=0, peakvolume=0.191589.
[LOG] SystemI::createSoundInternal             :     exinfo->cbsize             = 224
[LOG] SystemI::createSoundInternal             :     exinfo->length             = 449920
[LOG] SystemI::createSoundInternal             :     exinfo->fileoffset         = 2080
[LOG] SystemI::createSoundInternal             :     exinfo->numsubsounds       = 1
[LOG] SystemI::createSoundInternal             :     exinfo->inclusionlist      = 000001B93D528518
[LOG] SystemI::createSoundInternal             :     exinfo->inclusionlistnum   = 1
[LOG] SystemI::createSoundInternal             :     exinfo->suggestedsoundtype = 5
[LOG] SystemI::createSoundInternal             :     exinfo->initialseekpostype = 1
[LOG] SystemI::createSoundInternal             :     Stream 0/1: name='ElectricTransformer', format=5, channels=2, frequency=48000, lengthbytes=449312, lengthpcm=2884608, pcmblocksize=0, loopstart=0, loopend=0, mode=0x00000000, channelmask=0x00000000, channelorder=0, peakvolume=0.125000.
[LOG] AsyncThread::threadFunc                  : Finished Asynchronous operation on sound 000001B91C218B08
[LOG] SystemI::createSound                     : filename = ../../../SON/FMOD Proyecto Final/ProyectoFinal/Build/Desktop/Light.bank : mode 02010082
[LOG] SystemI::createSound                     : FMOD_NONBLOCKING specified.  Putting into queue to be opened asynchronously!
[LOG] AsyncThread::getAsyncThread              : index = 0 / 5
[LOG] AsyncThread::add                         : add sound to async queue : soundi = 000001B91C217528, queue head = 000001B939D72E88, queue count = 0
[LOG] AsyncThread::threadFunc                  : Starting Asynchronous operation on sound 000001B91C217528
[LOG] SystemI::createSoundInternal             :     Create name='../../../SON/FMOD Proyecto Final/ProyectoFinal/Build/Desktop/Light.bank', mode=0x02010082
[LOG] SystemI::createSoundInternal             :     exinfo->cbsize             = 224
[LOG] SystemI::createSoundInternal             :     exinfo->length             = 449920
[LOG] SystemI::createSoundInternal             :     exinfo->fileoffset         = 2080
[LOG] SystemI::createSoundInternal             :     exinfo->numsubsounds       = 1
[LOG] SystemI::createSoundInternal             :     exinfo->inclusionlist      = 000001B93D5249F8
[LOG] SystemI::createSoundInternal             :     exinfo->inclusionlistnum   = 1
[LOG] SystemI::createSoundInternal             :     exinfo->suggestedsoundtype = 5
[LOG] SystemI::createSoundInternal             :     exinfo->initialseekpostype = 1
[LOG] SystemI::createSoundInternal             :     Stream 0/1: name='ElectricTransformer', format=5, channels=2, frequency=48000, lengthbytes=449312, lengthpcm=2884608, pcmblocksize=0, loopstart=0, loopend=0, mode=0x00000000, channelmask=0x00000000, channelorder=0, peakvolume=0.125000.
[LOG] AsyncThread::threadFunc                  : Finished Asynchronous operation on sound 000001B91C217528
[LOG] SystemI::createSound                     : filename = ../../../SON/FMOD Proyecto Final/ProyectoFinal/Build/Desktop/Light.bank : mode 02010082
[LOG] SystemI::createSound                     : FMOD_NONBLOCKING specified.  Putting into queue to be opened asynchronously!
[LOG] AsyncThread::getAsyncThread              : index = 0 / 5
[LOG] AsyncThread::add                         : add sound to async queue : soundi = 000001B91C219F58, queue head = 000001B939D72E88, queue count = 0
[LOG] AsyncThread::threadFunc                  : Starting Asynchronous operation on sound 000001B91C219F58
[LOG] SystemI::createSoundInternal             :     Create name='../../../SON/FMOD Proyecto Final/ProyectoFinal/Build/Desktop/Light.bank', mode=0x02010082
[LOG] SystemI::createSoundInternal             :     exinfo->cbsize             = 224
[LOG] SystemI::createSoundInternal             :     exinfo->length             = 449920
[LOG] SystemI::createSoundInternal             :     exinfo->fileoffset         = 2080
[LOG] SystemI::createSoundInternal             :     exinfo->numsubsounds       = 1
[LOG] SystemI::createSoundInternal             :     exinfo->inclusionlist      = 000001B93D5250D8
[LOG] SystemI::createSoundInternal             :     exinfo->inclusionlistnum   = 1
[LOG] SystemI::createSoundInternal             :     exinfo->suggestedsoundtype = 5
[LOG] SystemI::createSoundInternal             :     exinfo->initialseekpostype = 1
[LOG] SystemI::createSoundInternal             :     Stream 0/1: name='ElectricTransformer', format=5, channels=2, frequency=48000, lengthbytes=449312, lengthpcm=2884608, pcmblocksize=0, loopstart=0, loopend=0, mode=0x00000000, channelmask=0x00000000, channelorder=0, peakvolume=0.125000.
[LOG] AsyncThread::threadFunc                  : Finished Asynchronous operation on sound 000001B91C219F58
[LOG] SoundI::release                          : ElectricTransformer (000001B91C219DC8)
[LOG] SoundI::release                          :     ElectricTransformer (000001B93880A578)
[LOG] SoundI::release                          :     ElectricTransformer (000001B876377B98)
[LOG] SoundI::release                          : ElectricTransformer (000001B91C218B08)
[LOG] SoundI::release                          :     ElectricTransformer (000001B93880A878)
[LOG] SoundI::release                          :     ElectricTransformer (000001B876378688)
[LOG] SoundI::release                          : ElectricTransformer (000001B91C217528)
[LOG] SoundI::release                          :     ElectricTransformer (000001B93880A9F8)
[LOG] SoundI::release                          :     ElectricTransformer (000001B8763781D8)
[LOG] SoundI::release                          : ElectricTransformer (000001B91C217398)
[LOG] SoundI::release                          :     ElectricTransformer (000001B93880A0F8)
[LOG] SoundI::release                          :     ElectricTransformer (000001B876377A08)
[LOG] SystemI::createSound                     : filename = ../../../SON/FMOD Proyecto Final/ProyectoFinal/Build/Desktop/Light.bank : mode 02010082
[LOG] SystemI::createSound                     : FMOD_NONBLOCKING specified.  Putting into queue to be opened asynchronously!
[LOG] AsyncThread::getAsyncThread              : index = 0 / 5
[LOG] AsyncThread::add                         : add sound to async queue : soundi = 000001B91C216BC8, queue head = 000001B939D72E88, queue count = 0
[LOG] AsyncThread::threadFunc                  : Starting Asynchronous operation on sound 000001B91C216BC8
[LOG] SystemI::createSoundInternal             :     Create name='../../../SON/FMOD Proyecto Final/ProyectoFinal/Build/Desktop/Light.bank', mode=0x02010082
[LOG] SystemI::createSoundInternal             :     exinfo->cbsize             = 224
[LOG] SystemI::createSoundInternal             :     exinfo->length             = 449920
[LOG] SystemI::createSoundInternal             :     exinfo->fileoffset         = 2080
[LOG] SystemI::createSoundInternal             :     exinfo->numsubsounds       = 1
[LOG] SystemI::createSoundInternal             :     exinfo->inclusionlist      = 000001B93D525918
[LOG] SystemI::createSoundInternal             :     exinfo->inclusionlistnum   = 1
[LOG] SystemI::createSoundInternal             :     exinfo->suggestedsoundtype = 5
[LOG] SystemI::createSoundInternal             :     exinfo->initialseekpostype = 1
[LOG] SystemI::createSoundInternal             :     Stream 0/1: name='ElectricTransformer', format=5, channels=2, frequency=48000, lengthbytes=449312, lengthpcm=2884608, pcmblocksize=0, loopstart=0, loopend=0, mode=0x00000000, channelmask=0x00000000, channelorder=0, peakvolume=0.125000.
[LOG] AsyncThread::threadFunc                  : Finished Asynchronous operation on sound 000001B91C216BC8
[LOG] SystemI::createSound                     : filename = ../../../SON/FMOD Proyecto Final/ProyectoFinal/Build/Desktop/Light.bank : mode 02010082
[LOG] SystemI::createSound                     : FMOD_NONBLOCKING specified.  Putting into queue to be opened asynchronously!
[LOG] AsyncThread::getAsyncThread              : index = 0 / 5
[LOG] AsyncThread::add                         : add sound to async queue : soundi = 000001B91C217208, queue head = 000001B939D72E88, queue count = 0
[LOG] AsyncThread::threadFunc                  : Starting Asynchronous operation on sound 000001B91C217208
[LOG] SystemI::createSoundInternal             :     Create name='../../../SON/FMOD Proyecto Final/ProyectoFinal/Build/Desktop/Light.bank', mode=0x02010082
[LOG] SystemI::createSoundInternal             :     exinfo->cbsize             = 224
[LOG] SystemI::createSoundInternal             :     exinfo->length             = 449920
[LOG] SystemI::createSoundInternal             :     exinfo->fileoffset         = 2080
[LOG] SystemI::createSoundInternal             :     exinfo->numsubsounds       = 1
[LOG] SystemI::createSoundInternal             :     exinfo->inclusionlist      = 000001B93D5249F8
[LOG] SystemI::createSoundInternal             :     exinfo->inclusionlistnum   = 1
[LOG] SystemI::createSoundInternal             :     exinfo->suggestedsoundtype = 5
[LOG] SystemI::createSoundInternal             :     exinfo->initialseekpostype = 1
[LOG] SystemI::createSoundInternal             :     Stream 0/1: name='ElectricTransformer', format=5, channels=2, frequency=48000, lengthbytes=449312, lengthpcm=2884608, pcmblocksize=0, loopstart=0, loopend=0, mode=0x00000000, channelmask=0x00000000, channelorder=0, peakvolume=0.125000.
[LOG] AsyncThread::threadFunc                  : Finished Asynchronous operation on sound 000001B91C217208
[LOG] SoundI::release                          : ElectricTransformer (000001B91C216BC8)
[LOG] SoundI::release                          :     ElectricTransformer (000001B93880A0F8)
[LOG] SoundI::release                          :     ElectricTransformer (000001B876378688)
[LOG] SystemI::createSound                     : filename = ../../../SON/FMOD Proyecto Final/ProyectoFinal/Build/Desktop/Light.bank : mode 02010082
[LOG] SystemI::createSound                     : FMOD_NONBLOCKING specified.  Putting into queue to be opened asynchronously!
[LOG] AsyncThread::getAsyncThread              : index = 0 / 5
[LOG] AsyncThread::add                         : add sound to async queue : soundi = 000001B91C2195F8, queue head = 000001B939D72E88, queue count = 0
[LOG] AsyncThread::threadFunc                  : Starting Asynchronous operation on sound 000001B91C2195F8
[LOG] SystemI::createSoundInternal             :     Create name='../../../SON/FMOD Proyecto Final/ProyectoFinal/Build/Desktop/Light.bank', mode=0x02010082
[LOG] SystemI::createSoundInternal             :     exinfo->cbsize             = 224
[LOG] SystemI::createSoundInternal             :     exinfo->length             = 449920
[LOG] SystemI::createSoundInternal             :     exinfo->fileoffset         = 2080
[LOG] SystemI::createSoundInternal             :     exinfo->numsubsounds       = 1
[LOG] SystemI::createSoundInternal             :     exinfo->inclusionlist      = 000001B93D528518
[LOG] SystemI::createSoundInternal             :     exinfo->inclusionlistnum   = 1
[LOG] SystemI::createSoundInternal             :     exinfo->suggestedsoundtype = 5
[LOG] SystemI::createSoundInternal             :     exinfo->initialseekpostype = 1
[LOG] SystemI::createSoundInternal             :     Stream 0/1: name='ElectricTransformer', format=5, channels=2, frequency=48000, lengthbytes=449312, lengthpcm=2884608, pcmblocksize=0, loopstart=0, loopend=0, mode=0x00000000, channelmask=0x00000000, channelorder=0, peakvolume=0.125000.
[LOG] AsyncThread::threadFunc                  : Finished Asynchronous operation on sound 000001B91C2195F8
[LOG] SystemI::createSound                     : filename = ../../../SON/FMOD Proyecto Final/ProyectoFinal/Build/Desktop/Light.bank : mode 02010082
[LOG] SystemI::createSound                     : FMOD_NONBLOCKING specified.  Putting into queue to be opened asynchronously!
[LOG] AsyncThread::getAsyncThread              : index = 0 / 5
[LOG] AsyncThread::add                         : add sound to async queue : soundi = 000001B91C217398, queue head = 000001B939D72E88, queue count = 0
[LOG] AsyncThread::threadFunc                  : Starting Asynchronous operation on sound 000001B91C217398
[LOG] SystemI::createSoundInternal             :     Create name='../../../SON/FMOD Proyecto Final/ProyectoFinal/Build/Desktop/Light.bank', mode=0x02010082
[LOG] SystemI::createSoundInternal             :     exinfo->cbsize             = 224
[LOG] SystemI::createSoundInternal             :     exinfo->length             = 449920
[LOG] SystemI::createSoundInternal             :     exinfo->fileoffset         = 2080
[LOG] SystemI::createSoundInternal             :     exinfo->numsubsounds       = 1
[LOG] SystemI::createSoundInternal             :     exinfo->inclusionlist      = 000001B93D527B78
[LOG] SystemI::createSoundInternal             :     exinfo->inclusionlistnum   = 1
[LOG] SystemI::createSoundInternal             :     exinfo->suggestedsoundtype = 5
[LOG] SystemI::createSoundInternal             :     exinfo->initialseekpostype = 1
[LOG] SystemI::createSoundInternal             :     Stream 0/1: name='ElectricTransformer', format=5, channels=2, frequency=48000, lengthbytes=449312, lengthpcm=2884608, pcmblocksize=0, loopstart=0, loopend=0, mode=0x00000000, channelmask=0x00000000, channelorder=0, peakvolume=0.125000.
[LOG] AsyncThread::threadFunc                  : Finished Asynchronous operation on sound 000001B91C217398
[LOG] SystemI::createSound                     : filename = ../../../SON/FMOD Proyecto Final/ProyectoFinal/Build/Desktop/Light.bank : mode 02010082
[LOG] SystemI::createSound                     : FMOD_NONBLOCKING specified.  Putting into queue to be opened asynchronously!
[LOG] AsyncThread::getAsyncThread              : index = 0 / 5
[LOG] AsyncThread::add                         : add sound to async queue : soundi = 000001B91C217528, queue head = 000001B939D72E88, queue count = 0
[LOG] AsyncThread::threadFunc                  : Starting Asynchronous operation on sound 000001B91C217528
[LOG] SystemI::createSoundInternal             :     Create name='../../../SON/FMOD Proyecto Final/ProyectoFinal/Build/Desktop/Light.bank', mode=0x02010082
[LOG] SystemI::createSoundInternal             :     exinfo->cbsize             = 224
[LOG] SystemI::createSoundInternal             :     exinfo->length             = 449920
[LOG] SystemI::createSoundInternal             :     exinfo->fileoffset         = 2080
[LOG] SystemI::createSoundInternal             :     exinfo->numsubsounds       = 1
[LOG] SystemI::createSoundInternal             :     exinfo->inclusionlist      = 000001B93D526838
[LOG] SystemI::createSoundInternal             :     exinfo->inclusionlistnum   = 1
[LOG] SystemI::createSoundInternal             :     exinfo->suggestedsoundtype = 5
[LOG] SystemI::createSoundInternal             :     exinfo->initialseekpostype = 1
[LOG] SystemI::createSoundInternal             :     Stream 0/1: name='ElectricTransformer', format=5, channels=2, frequency=48000, lengthbytes=449312, lengthpcm=2884608, pcmblocksize=0, loopstart=0, loopend=0, mode=0x00000000, channelmask=0x00000000, channelorder=0, peakvolume=0.125000.
[LOG] AsyncThread::threadFunc                  : Finished Asynchronous operation on sound 000001B91C217528
[LOG] SoundI::release                          : ElectricTransformer (000001B91C219F58)
[LOG] SoundI::release                          :     ElectricTransformer (000001B938809DF8)
[LOG] SoundI::release                          :     ElectricTransformer (000001B876378E58)
[LOG] SoundI::release                          : ElectricTransformer (000001B91C217208)
[LOG] SoundI::release                          :     ElectricTransformer (000001B93880A878)
[LOG] SoundI::release                          :     ElectricTransformer (000001B876378CC8)
[LOG] SoundI::release                          : ElectricTransformer (000001B91C217528)
[LOG] SoundI::release                          :     ElectricTransformer (000001B93880A0F8)
[LOG] SoundI::release                          :     ElectricTransformer (000001B876378368)
[LOG] SoundI::release                          : ElectricTransformer (000001B91C2195F8)
[LOG] SoundI::release                          :     ElectricTransformer (000001B93880A578)
[LOG] SoundI::release                          :     ElectricTransformer (000001B8763789A8)
[LOG] SystemI::createSound                     : filename = ../../../SON/FMOD Proyecto Final/ProyectoFinal/Build/Desktop/Light.bank : mode 02010082
[LOG] SystemI::createSound                     : FMOD_NONBLOCKING specified.  Putting into queue to be opened asynchronously!
[LOG] AsyncThread::getAsyncThread              : index = 0 / 5
[LOG] AsyncThread::add                         : add sound to async queue : soundi = 000001B91C219DC8, queue head = 000001B939D72E88, queue count = 0
[LOG] AsyncThread::threadFunc                  : Starting Asynchronous operation on sound 000001B91C219DC8
[LOG] SoundI::release                          : ElectricTransformer (000001B91C217398)
[LOG] SystemI::createSoundInternal             :     Create name='../../../SON/FMOD Proyecto Final/ProyectoFinal/Build/Desktop/Light.bank', mode=0x02010082
[LOG] SystemI::createSoundInternal             :         exinfo->cbsize             = 224
[LOG] SystemI::createSoundInternal             :         exinfo->length             = 449920
[LOG] SystemI::createSoundInternal             :         exinfo->fileoffset         = 2080
[LOG] SoundI::release                          :         ElectricTransformer (000001B93880A9F8)
[LOG] SystemI::createSoundInternal             :         exinfo->numsubsounds       = 1
[LOG] SoundI::release                          :         ElectricTransformer (000001B8763784F8)
[LOG] SystemI::createSoundInternal             :         exinfo->inclusionlist      = 000001B93D5249F8
[LOG] SystemI::createSoundInternal             :     exinfo->inclusionlistnum   = 1
[LOG] SystemI::createSoundInternal             :     exinfo->suggestedsoundtype = 5
[LOG] SystemI::createSoundInternal             :     exinfo->initialseekpostype = 1
[LOG] SystemI::createSoundInternal             :     Stream 0/1: name='ElectricTransformer', format=5, channels=2, frequency=48000, lengthbytes=449312, lengthpcm=2884608, pcmblocksize=0, loopstart=0, loopend=0, mode=0x00000000, channelmask=0x00000000, channelorder=0, peakvolume=0.125000.
[LOG] AsyncThread::threadFunc                  : Finished Asynchronous operation on sound 000001B91C219DC8
[LOG] SystemI::createSound                     : filename = ../../../SON/FMOD Proyecto Final/ProyectoFinal/Build/Desktop/Light.bank : mode 02010082
[LOG] SystemI::createSound                     : FMOD_NONBLOCKING specified.  Putting into queue to be opened asynchronously!
[LOG] AsyncThread::getAsyncThread              : index = 0 / 5
[LOG] AsyncThread::add                         : add sound to async queue : soundi = 000001B91C219F58, queue head = 000001B939D72E88, queue count = 0
[LOG] AsyncThread::threadFunc                  : Starting Asynchronous operation on sound 000001B91C219F58
[LOG] SystemI::createSoundInternal             :     Create name='../../../SON/FMOD Proyecto Final/ProyectoFinal/Build/Desktop/Light.bank', mode=0x02010082
[LOG] SystemI::createSoundInternal             :     exinfo->cbsize             = 224
[LOG] SystemI::createSoundInternal             :     exinfo->length             = 449920
[LOG] SystemI::createSoundInternal             :     exinfo->fileoffset         = 2080
[LOG] SystemI::createSoundInternal             :     exinfo->numsubsounds       = 1
[LOG] SystemI::createSoundInternal             :     exinfo->inclusionlist      = 000001B93D528518
[LOG] SystemI::createSoundInternal             :     exinfo->inclusionlistnum   = 1
[LOG] SystemI::createSoundInternal             :     exinfo->suggestedsoundtype = 5
[LOG] SystemI::createSoundInternal             :     exinfo->initialseekpostype = 1
[LOG] SystemI::createSoundInternal             :     Stream 0/1: name='ElectricTransformer', format=5, channels=2, frequency=48000, lengthbytes=449312, lengthpcm=2884608, pcmblocksize=0, loopstart=0, loopend=0, mode=0x00000000, channelmask=0x00000000, channelorder=0, peakvolume=0.125000.
[LOG] AsyncThread::threadFunc                  : Finished Asynchronous operation on sound 000001B91C219F58
[LOG] SoundI::release                          : ElectricTransformer (000001B9DCF03798)
[LOG] SoundI::release                          :     ElectricTransformer (000001B9CFD85618)
[LOG] SoundI::release                          :     ElectricTransformer (000001B8CFE177F8)
[LOG] SoundI::release                          : ElectricTransformer (000001B91C219F58)
[LOG] SoundI::release                          :     ElectricTransformer (000001B93880A9F8)
[LOG] SoundI::release                          :     ElectricTransformer (000001B876377B98)
[LOG] SoundI::release                          : ElectricTransformer (000001B91C219DC8)
[LOG] SoundI::release                          :     ElectricTransformer (000001B93880A578)
[LOG] SoundI::release                          :     ElectricTransformer (000001B8763789A8)
[LOG] SoundI::release                          : 1 (000001B939D75128)
[LOG] SoundI::release                          :     1 (000001B6490065B8)
[LOG] SoundI::release                          :     1 (000001B87A8506D8)
[LOG] SoundI::release                          :  (000001B93D5245F8)
[LOG] SoundI::release                          :     SpawnPoop (000001B84E7558A8)
[LOG] SoundI::release                          :  (000001B93D526018)
[LOG] SoundI::release                          :     Zombie1 (000001B84E756028)
[LOG] SoundI::release                          :  (000001B93D5287F8)
[LOG] SoundI::release                          :     Zombie2 (000001B84E7555A8)
[LOG] SoundI::release                          :  (000001B93D523F18)
[LOG] SoundI::release                          :     Zombie3 (000001B84E755728)
[LOG] SoundI::release                          :  (000001B93D5241D8)
[LOG] SoundI::release                          :     Zombie4 (000001B84E755EA8)
[LOG] SoundI::release                          :  (000001B93D526438)
[LOG] SoundI::release                          :     ElectricZap (000001B9CFD85498)
[LOG] SoundI::release                          :  (000001B93D5271F8)
[LOG] SoundI::release                          :     ShortElectricShock (000001B9CFD85318)
[LOG] SoundI::release                          :  (000001B93D526B18)
[LOG] SoundI::release                          :     Hurt1 (000001B9CAE16378)
[LOG] SoundI::release                          :  (000001B93D527098)
[LOG] SoundI::release                          :     Hurt2 (000001B84E7561A8)
[LOG] SoundI::release                          :  (000001B93D525D58)
[LOG] SoundI::release                          :     Hurt3 (000001B9CAE16078)
[LOG] SoundI::release                          :  (000001B93D528958)
[LOG] SoundI::release                          :     Hurt5 (000001B9CAE16AF8)
[LOG] SoundI::release                          :  (000001B93D524338)
[LOG] SoundI::release                          :     Footsteps1 (000001B84E755A28)
[LOG] SoundI::release                          :  (000001B93D525A98)
[LOG] SoundI::release                          :     Footsteps2 (000001B84E756328)
[LOG] SoundI::release                          :  (000001B93D524E38)
[LOG] SoundI::release                          :     Footsteps3 (000001B84E755D28)
[LOG] SoundI::release                          :  (000001B93D524A18)
[LOG] SoundI::release                          :     Footsteps4 (000001B84E755BA8)
[LOG] Thread::callback                         : FMOD Studio update thread finished.
[LOG] Thread::callback                         : FMOD Studio bank load thread finished.
[LOG] Profile::disconnectAll                   : Profiler disconnecting all clients
[LOG] Thread::callback                         : FMOD Studio sample load thread finished.
[LOG] LiveUpdate::release                      : 
[LOG] LiveUpdate::reset                        : Reset connection (reason Disconnected)
[LOG] Thread::callback                         : FMOD stream thread finished.
[LOG] Thread::callback                         : FMOD mixer thread finished.
[LOG] Profile::disconnectAll                   : Profiler disconnecting all clients
[LOG] SystemI::closeInternal                   : Closed.
[LOG] Thread::callback                         : FMOD Studio bank load thread finished.
[LOG] Thread::callback                         : FMOD Studio sample load thread finished.
[LOG] LiveUpdate::release                      : 
[LOG] LiveUpdate::reset                        : Reset connection (reason Disconnected)
[LOG] Thread::callback                         : FMOD stream thread finished.
[LOG] Thread::callback                         : FMOD mixer thread finished.
[LOG] SystemI::closeInternal                   : Closed.
[LOG] Thread::callback                         : FMOD nonblocking thread (0) finished.
[LOG] Thread::callback                         : FMOD file thread finished.
